BUS ID,SPN_247 (Engine Total Hours of Operation),SPN_190 (Engine Speed),SPN_513 (Actual Engine - Percent Torque),SPN_250 (Engine Total Fuel Used),SPN_110 (Engine Coolant Temperature),SPN_183(Engine Fuel Rate),SPN_184 (Engine Instantaneous Fuel Economy),SPN_92	(Engine Percent Load At Current Speed)
VAC5746,23802.220816396763,757.8043875622252,130.0,104736.15771644998,83.71598648131616,1796.4605987020925,128.0,255.0
VAC5751,26861.21233401969,785.6691342176564,130.0,111001.5794235366,74.71887610575311,1913.5862022175525,128.0,255.0
VAC5764,27949.050719021077,741.5816654988744,130.0,117080.00676646018,76.6599128991006,1804.76526091344,128.0,255.0
VAC5773,34348.81001459948,673.9692820222151,130.0,150956.4501310372,73.9845402807556,2041.778060650804,128.0,255.0
VAC5778,13881.42857142857,599.9285714285714,130.0,104523.28571428572,46.5,2505.5714285714284,128.0,255.0
VAC5791,23805.99292465634,791.3166565867982,130.0,127147.8673772781,82.35945574961823,1778.2403659216873,128.0,255.0
VAC9627,26711.938503097565,765.398168066026,130.0,129956.28197926733,72.67119071226433,1757.6421293916144,128.0,255.0
VAE7038,23547.18808294125,775.0319976743448,130.0,125347.32848099447,73.44313774344285,1725.2019648575313,128.0,255.0
VAE7042,28893.751970217345,768.5119320103203,129.9991279914737,111305.7829769372,78.92586363338262,1744.874143458651,127.99896650841326,254.9981671672641
VAE7104,12599.740194890504,736.9481343915894,18.343689724538848,99101.37666938482,81.02493528295548,1764.6370206492877,28.21401737121308,22.53461887525684
VAE7147,15641.063135579025,877.5288964260872,20.985609268917703,127902.78052180276,75.86966997271526,1742.8939720354265,22.740853936976013,26.385580372365894
VAE7164,12436.10579032355,836.0948638053638,18.73661174007268,101195.78496228512,77.73605085323713,1768.0339096575178,28.696299508442426,23.39455737389639
VAE7196,14187.900028285483,851.0389833823489,21.363015598154217,115469.41777068564,84.18749819763757,1754.3599225808794,22.12395083859548,26.535796327287887
VAE7225,16130.993727732137,904.2361006157572,22.30579027697118,148442.9637787502,81.45199345032573,1652.0692774721094,23.826923409189398,27.49582483537508
VAE7340,13765.01211029026,871.0475677744216,19.2880881647026,112737.04600507596,80.52402371076062,1662.8878926844463,24.576444965911893,24.094030549681374
VAE7408,13373.909956921138,837.9684105796914,19.94024390296693,109796.89573141043,79.5882092680394,1736.0021542744282,22.2464535797144,24.763849532480936
VAE7463,609254.0251321677,811.3394218767473,130.0,5833654.503634097,77.0498093887637,1618.4884438529764,128.0,255.0
VAE7492,15251.506593183442,800.7625130377014,19.831517553144643,124887.14667556946,80.1234938237983,1780.8909283321702,23.65460563662332,24.79209079247902
VAE7537,14028.10568441393,794.0435392574223,22.056144840641608,116510.8431799075,73.20924781500347,1814.9124001673797,15.182849228873131,28.22131373271672
VAE7564,13779.476550562606,822.2411019199996,18.9715075060852,111757.48326717629,81.75444571875566,1752.2851914550877,25.89747966236937,23.388659779533217
VAE7593,15040.331737279734,869.5440415720445,18.797210497662828,123296.58358669124,81.61300238081368,1641.9355905775865,28.42096949252937,23.278393668507704
VAF5250,15729.999552582163,817.6198918818345,19.84443620008363,125654.76730296668,81.10333994577535,1835.839571460427,19.5575437229316,24.832652242218305
VAF5339,16548.934642935044,904.7950200043636,19.86979029273183,133658.04474926722,84.15791200686796,1620.7406440189004,26.215545166620444,24.463463256603813
VAF5430,14671.103364873126,930.2955725865831,19.93981052394096,126299.94419471423,82.78278272433924,1641.338434735538,27.243979915869968,24.686618367319152
VAF5434,19464.888914103463,857.3860556706305,19.823189000459184,160400.4845342482,81.66067319998994,1759.1718271941627,21.23358343069221,24.857077349706856
VAF5438,12552.410172825315,831.5583412768625,21.39204563993533,112272.65136416588,87.0255455138713,1656.4087570370814,28.91550918400316,26.10782673413537
VAF5439,14175.780488682463,859.9038358083199,19.26593755060472,114125.74872750673,79.8282087596091,1815.934708720518,19.993536324990423,24.16083672618269
VAF5441,14930.33981976092,833.1251066715631,18.26407766421826,122592.8667509099,81.09816394034469,1677.3408844655185,27.734232696785764,22.56112615679774
VAF5442,15330.39896517773,865.7755691316625,20.41752475529554,123861.63673185266,82.80184917308854,1685.4350629622968,24.63669205170254,25.57006112311696
VAF5451,11261.464219242223,782.6843167643569,19.474054082270342,87905.19639755638,80.8739624582298,1821.956225202352,24.029653910615803,24.29734540176364
VAF5461,16002.44862201386,843.8585857040449,19.9617654919,130344.94075141328,80.96637008260036,1710.206984998453,24.653246916439283,24.91639509290999
VAF5464,15286.668818116674,821.0924432581346,17.57042789976947,122653.90539422812,80.2526684939279,1656.4936542198202,29.06510950264644,21.89495477553461
VAF5480,255.4307869630523,676.038575048366,21.80181775095545,1844.5047365612816,77.52071706697316,1870.4912329713943,16.1973002817006,27.842138236634597
VAF5489,4705.68962473422,909.9657332692276,18.821402663050147,38323.15660349197,74.13522941321543,1327.3652157044976,30.467939120645624,23.594220822540564
VAF5738,34591.635572381434,737.4079131409259,130.0,114979.8158954172,74.55873004430312,1930.2188707421728,128.0,255.0
VAF5743,32581.901967983034,753.773221708078,130.0,109291.94294976856,71.79204250365088,1820.7259920692704,128.0,255.0
VAF5746,121585.86659953235,741.8619360173582,130.0,778028.9653220284,74.97951991305945,1895.042409128691,128.0,255.0
VAF5750,99244.94304294063,744.0820812638125,130.0,778299.0851119262,72.41233082997302,1723.577445889826,128.0,255.0
VAF5752,48965.72765489816,729.8398649600496,130.0,120955.39139304012,73.05785977518163,1794.7469195231977,128.0,255.0
VAF5756,34042.78828824005,761.0541520349358,130.0,104669.25576188404,75.27260213199386,1894.897621487252,128.0,255.0
VAF5761,32492.93137740888,722.7721158405335,130.0,111352.10758432792,67.61258859569301,1602.3781026533416,128.0,255.0
VAF5762,38650.45728429882,773.5255139347065,130.0,127672.53089509426,79.22733992377628,1837.7814886633955,128.0,255.0
VAF5765,41620.57708766305,790.4703948167611,130.0,119679.60463238524,74.88561318402522,1768.3805199413134,128.0,255.0
VAF5766,41223.65820225595,661.7085866670628,130.0,111577.2728873174,68.48020189939943,1995.8726135869829,128.0,255.0
VAF5780,62335.70461369547,822.6188526484758,130.0,109445.2299646731,74.57010125202245,1654.3574745151548,128.0,255.0
VAF5904,40017.16529384518,751.8064827386369,130.0,127042.91777788287,75.17855599221586,1654.172872007773,128.0,255.0
VAF6410,14852.862760586164,840.9220492796611,20.93965220788476,125064.51233501776,81.97548599325825,1722.8861431055263,25.085975012539123,26.158664888010577
VAF6417,12864.475275104573,830.3781778879321,20.643617493103264,105377.91919321111,85.3618385613729,1761.4605635797773,22.357559448597318,25.73866164467741
VAF691,32991.35285433922,801.752800355577,130.0,106878.37539850012,79.03921130107551,1770.1804328845062,128.0,255.0
VAF694,32405.639557056333,805.3108744940993,130.0,109774.10593702475,79.59024536929198,1884.6467431949677,128.0,255.0
VAF7116,16406.033167000012,830.2773111204166,20.031490706869445,128913.72516875109,83.1283126898269,1700.7520766122204,25.08282567827252,24.733742810517203
VAF7134,13707.100743178662,812.2124378939653,19.03946631536293,108638.2675198504,80.7088302017268,1736.2401166015218,26.439204887760127,23.493540021405565
VAF7146,14129.32852144988,807.4820856457203,18.600727729408693,114020.39664219414,79.50205257146382,1731.5759264550052,26.16845053955572,22.79005184500814
VAF7157,14692.31292728929,807.8785883955908,20.78919051611471,119918.76998560484,79.57201611459398,1800.073526620445,22.6908725642116,25.7785388708879
VAF7159,16006.351453454788,832.3224881366924,19.379008405339203,130645.56138246437,81.77290990643752,1753.6082335033714,22.139206167263627,24.37748751897641
VAF7167,13132.239491462062,854.62588442165,20.323716985699026,108453.98566633608,84.78210614082143,1665.863724134104,26.493602026438044,25.18320807420075
VAG4673,15431.209605357632,892.5297388768014,18.304961547858134,129492.40540846589,81.60746818507509,1585.555843436583,33.323265168122155,22.36718429507692
VAG4680,17519.15629409796,857.9657314616543,19.05184966568968,151581.02289648794,80.54552851319913,1675.7460120496655,24.386543584626168,23.802831186963758
VAG4703,15027.827719026563,904.1930172158468,19.086090304058896,117285.05396258947,81.56500197017441,1643.9768953576922,25.57461091068336,23.584335263339828
VAG4709,13948.641479496551,970.6822655762396,20.460923719606868,115561.34400034256,82.4856672456499,1564.6805235222766,25.78528193574973,25.278132574369145
VAG4711,17171.504669354268,907.997737708465,19.47449854005992,133340.81417346167,82.64285522063098,1722.2410892765108,21.207441306727347,24.342128074078385
VAG4715,16423.802281795546,806.8661517180599,18.77893704843752,128286.53789297516,81.53729296245314,1656.9321235610166,30.573408385268507,23.102914731652287
VAG4722,24274.730355807067,830.6925175749053,19.5878744631072,204490.3553376876,82.36012853065131,1719.5901008565902,24.158867016692877,24.25899155454649
VAG4725,15573.765227772572,815.9890891124096,18.865410406855684,123827.31896399173,81.66988029351249,1743.5911243337566,23.95649071835747,23.538500713958754
VAG4729,14416.61888817519,768.0263460384517,19.56031451435353,120111.0960984031,79.07373127035247,1801.6695622852685,27.01752477690888,24.47792492719485
VAG4730,13752.22403780369,846.0674664941458,20.21303905254362,119398.02429067354,80.17552682802966,1786.0539524423675,22.01437337140673,25.09473683962994
VAG4750,15550.713206510727,802.2445334902781,21.19067536568005,128107.67144793231,82.84753493897392,1782.993308624659,21.05700452303013,26.57071168195033
VAG4871,25308.940886224296,774.8888183101707,130.0,110362.40034098398,70.17989140406993,1841.614083140105,128.0,255.0
VAG4872,27460.492994026838,775.9211590211053,130.0,151831.59259477517,75.76003091159264,1809.29476654992,128.0,255.0
VAG4873,50357.54390823184,798.4316944796682,130.0,115585.7135748235,75.69038717906112,1709.202368425542,128.0,255.0
VAG4876,32235.204583859708,754.583426491506,130.0,130202.71263696915,74.08692856028294,1858.0410115620436,128.0,255.0
VAG4880,30143.50023178427,719.0763453372278,130.0,121622.67802042898,70.37780417737038,1826.9490544755677,128.0,255.0
VAG4890,39633.03732698799,725.8812637436436,130.0,100541.44950670472,81.53368644821046,1351.5304907123889,128.0,255.0
VAG4892,26545.78719115205,738.4164154008216,130.0,108599.12807581096,76.90333773453213,1790.055230146839,128.0,255.0
VAG4913,21050.89511874515,771.3027730840854,130.0,134166.9597346187,69.47203615625419,1771.6030837697272,128.0,255.0
VAG6349,13571.772889893866,829.756163030675,18.553923104053656,108180.42731428806,79.56141825135224,1687.361116863557,25.862181399174048,23.06992947667287
VAG8049,15402.681882537843,832.4287797893712,21.08053828783711,129336.69085211174,87.4339663007991,1633.0391890822227,28.420058327472304,25.905300243260385
VAG8051,13259.189651686303,790.7701939343866,19.08008674043788,104069.48664589878,79.60262600729907,1749.9539107016592,27.289809988204837,23.47342903496656
VAG8053,14469.362852950817,895.2091458794533,20.12339067852121,117432.83853598675,81.16455162691288,1721.8781703649863,26.807055561079864,24.765137544113283
VAG8054,15573.856342206453,906.1241480542456,20.891624446507244,123393.8057873156,84.32065575588463,1631.18119320614,25.534762717199172,25.95860924088102
VAG8058,12642.413075650418,839.7008486069896,20.02828605106449,102231.7244127148,80.96374867561536,1694.6039751033993,26.37380576128739,24.846412966576366
VAG8541,16484.780634581108,873.6701230968362,20.857904476609864,136718.88086057515,81.55568937981968,1754.861455750295,21.5164398602569,25.771393639384584
VAH9042,56302.909042119,853.1745333826049,130.0,118939.11038882524,70.5464547904087,1582.327987235238,128.0,255.0
VAH9043,43232.45490545536,762.0515752224268,130.0,119903.5401293855,69.89140742592872,1796.6960187369193,128.0,255.0
VAH9044,28902.4180642464,854.609005047051,130.0,119879.22828593435,76.23164253386527,1679.5804521717218,128.0,255.0
VAH9045,44122.53875659624,792.4671663050781,130.0,112712.53792983576,77.31095360793927,1679.4966181314685,128.0,255.0
VAH9053,26644.40773645211,731.2902837400047,130.0,114414.87012288836,74.13239092736518,1990.5165650340437,128.0,255.0
VAH9062,63760.18045281791,708.7739396158212,130.0,95973.6576053886,75.23122070447074,1912.2032006110337,128.0,255.0
VAH9067,34241.57300438317,787.0030697941638,130.0,103163.57578726024,72.53944561366973,1774.863577203593,128.0,255.0
VAH9154,32773.09692392293,774.8005198431797,130.0,114048.2221612126,74.91735536889092,1879.2820333305444,128.0,255.0
VAJ1480,4766.4431622964685,807.4933692502533,17.8914406915569,39237.33095884585,79.58992383265807,1604.2600696766142,28.70388481335576,22.34887346375388
VAJ1481,17742.996943775375,946.125395636535,22.50173978240036,144240.77400034844,85.86367864958788,1542.600477351746,28.78887687932777,27.86137928261648
VAJ1482,14965.314171949944,953.2772746774926,22.299270527800942,126471.21932281094,81.02219980272535,1673.245208543429,19.660663558778342,27.95666486396878
VAJ1514,691.4720282894951,920.8518005410884,21.481050799257503,5712.585468712127,85.46603544994134,1618.6032446364875,28.17592562419885,26.539301247120147
VAJ1570,38328.95050368094,797.6243095135083,130.0,111984.80208406558,73.74688651716673,1772.5388670919156,128.0,255.0
VAJ2850,33735.28777512244,709.5407079850111,130.0,123241.10433936602,71.06899280968999,1777.8366760801384,128.0,255.0
VAJ2852,33564.05637517211,741.4965895305891,130.0,158553.58639941513,74.06404542733829,1807.901361537055,128.0,255.0
VAJ2854,27666.726044344065,762.869824071135,130.0,137022.20510889578,68.81713099670522,1819.3426613083016,128.0,255.0
VAJ2857,28364.864223012893,809.2749767279141,130.0,125561.34679283045,72.99322871940025,1778.4265828676007,128.0,255.0
VAJ2869,252333.59801708796,687.8389310234185,130.0,2434225.9052904737,71.5032273161163,1900.7340232318784,128.0,255.0
VAJ2870,31267.62287596633,711.4292009248529,130.0,122241.0955381948,72.86971140745436,1774.5152576232838,128.0,255.0
VAJ2875,36897.1978450694,703.475749839666,130.0,138714.88003652167,70.73997494759347,1925.323398529561,128.0,255.0
VAJ2876,36568.40365041438,752.7773363744859,130.0,121047.95107254753,71.08632997396059,1804.541151931644,128.0,255.0
VAJ2895,41197.67921872612,719.3681995044599,130.0,133612.36942144157,79.4797252888436,1701.2888058726717,128.0,255.0
VAJ3412,15778.10668094737,821.6649422199234,19.734475565688744,129521.81160066936,81.70798438245447,1684.8684957347098,33.02647117433429,24.206944664192843
VAJ3415,14271.410835793022,955.3140542549984,19.50562706854483,118454.20213960257,81.94279715707862,1566.473281904822,25.34642414605789,24.188933956915644
VAJ6234,87053.380260455,837.6384786047009,130.0,114953.51627834734,75.09781843141502,1655.5762105539554,128.0,255.0
VAJ6259,65147.10793965308,809.887181254924,130.0,109309.24896626016,77.49191122992708,1694.2854826960092,128.0,255.0
VAJ6284,33706.416938471484,719.9967675530766,130.0,109217.7797763526,74.50688872160498,1816.923834977552,128.0,255.0
VAJ6314,35160.03048748228,802.2070986771969,130.0,121075.40385667694,75.54937952481382,1724.3016155065843,128.0,255.0
VAJ6442,58396.75750678745,799.8151931845458,130.0,115877.1790292717,73.58919266440125,1719.3659977359118,128.0,255.0
VAJ7134,37770.30068119826,821.961371911732,130.0,107174.53108435508,76.81195236925434,1678.588501070249,128.0,255.0
VAJ8965,24868.809742959857,719.1970993648906,130.0,104640.41051813106,75.51435810364988,566.1135734755653,128.0,255.0
VAJ8974,26734.505788313672,764.1051196609866,130.0,125842.4275816698,76.38781059623243,1749.1375221442995,128.0,255.0
VAJ9068,25016.677159991472,708.4780683448465,130.0,103602.70311976732,74.52466844567661,1900.2711549300743,128.0,255.0
VAJ9136,27852.555309129875,765.2103544578039,130.0,120018.1571903071,71.28510858804259,1783.1579263729618,128.0,255.0
VAK1014,26544.758957094386,663.8438312309848,130.0,133867.8211639083,70.15156207539872,2000.284179276751,128.0,255.0
VAK1034,23201.28136266008,753.4920050469182,130.0,130748.36653583236,66.79494922993376,1980.941090166975,128.0,255.0
VAK1045,35359.52660629441,729.848193673899,130.0,102740.34071447664,75.81438790792494,1861.594114359694,128.0,255.0
VAK950,137974.96241164437,812.465756936917,130.0,112061.83015593675,73.43045621099262,1666.5622276260829,128.0,255.0
VAK952,27133.141911579343,750.1607821785323,130.0,118761.70013555457,70.14209555711854,1745.668067320158,128.0,255.0
VAK962,36016.58514807584,789.7460655828932,130.0,116406.0890004018,71.37992366131685,1759.5327975174323,128.0,255.0
VAK967,68250.35476963637,780.6344815193665,130.0,114751.00007488158,82.79327799410632,1785.5985742542616,128.0,255.0
VAK985,39725.1245021715,754.346905304778,130.0,113875.81472799164,76.30016366617114,1796.773967922726,128.0,255.0
VAL4552,34979.80344140139,704.6163780918329,130.0,124834.76217962378,74.21074375733762,2063.390481392445,128.0,255.0
VG6473,19208.7772004789,812.4832732159476,130.0,57796.60998369206,74.74592024991297,1774.330484158034,128.0,255.0
VG6477,34048.61972565202,737.2416023818408,130.0,104986.51310881204,80.56835944505147,1850.510040467055,128.0,255.0
VG6480,6086974.651955057,954.1039419026828,130.0,58420793.4384721,77.47712414110042,1557.9302065343018,128.0,255.0
VG6491,30481.76744452605,751.2510217324487,130.0,118072.89557200392,79.17733959155187,1846.6529936697416,128.0,255.0
VG6493,38167.40806977096,796.305063588706,130.0,142453.42806153887,74.46338420416808,1817.40293237524,128.0,255.0
VG6514,36452212.98931805,2016.7719122878336,130.0,364298365.25247,94.36525024615554,2220.7157575733454,128.0,255.0
VG6519,2295378.4222377306,1988.8585377392533,130.0,22892955.43611368,69.23582166807346,1803.398390784149,128.0,255.0
VG6524,9846.921616229787,822.3539987369539,130.0,31870.993245101912,77.95630680207044,1725.192303341799,128.0,255.0
VG6529,4915.3358710385,754.7522115627937,130.0,9322.8468580111,77.11922939491228,1750.7733639954774,128.0,255.0
VG6550,1726264.7315044207,765.5674389514618,130.0,16808385.603679795,74.88094228913913,1902.096331130103,128.0,255.0
VG8580,29260.916909285894,762.5764302791928,130.0,125439.30743777246,81.02443768774067,1877.7144966413991,128.0,255.0
VG8591,61051.29872050972,774.830591019722,130.0,313465.0452249541,79.32936003664778,1726.2311699585223,128.0,255.0
VG8593,766085.9255244755,622.4988344988345,130.0,108686.93414918416,62.88461538461539,1772.1503496503497,128.0,255.0
VG8597,596354.1955797223,703.8408107830056,130.0,5774467.576675097,79.13511393078397,1579.0928208818532,128.0,255.0
VG8630,39770.60838825662,732.6100071605779,130.0,100747.14263824,78.43041271415451,2002.2767063454764,128.0,255.0
VG8643,84267.49907852225,765.3177880721864,130.0,95703.20487230668,80.46214711411045,1786.2136635809711,128.0,255.0
VG8650,42380.87770613991,763.9326035339213,130.0,125216.55021948488,75.58769599499911,1774.5236464784582,128.0,255.0
VG8654,22118.022574868068,782.8952651951873,130.0,118982.47457684616,80.7064596240367,1716.0662463793235,128.0,255.0
VG8671,10698.194771342514,729.7824574060784,130.0,8595.938849459688,78.95240401376604,1897.231105574368,128.0,255.0
VG8673,16160.469623946788,729.4835367247362,130.0,8975.404661610952,76.75719552404911,1819.073827481256,128.0,255.0
VG8690,37219.37747101532,811.4411784127886,130.0,51861.01521601583,75.56379844765117,1735.2764940201007,128.0,255.0
VG8703,19227.06288486544,971.8581769860558,130.0,105465.66536570725,70.51810786845124,1588.386680713009,128.0,255.0
VG8715,22660.12416864172,792.9169006228212,130.0,7113.348767381944,81.58454702340886,1723.3617901700848,128.0,255.0
VG8742,24814.617824856872,773.4338197407227,130.0,134338.5291202262,79.86224567151656,1656.659254665964,128.0,255.0
VG8748,90089.84635634664,737.394458485291,130.0,758646.6921264705,70.90385623548347,1805.4926334557367,128.0,255.0
VG8755,32780.441460505506,729.9209374748365,130.0,15835.18811439561,78.80696595452298,1732.922260887581,128.0,255.0
VG8761,15559.328571428572,333.3809523809524,130.0,117713.07142857143,46.47619047619048,572.0428571428571,128.0,255.0
VG8765,29105.266941592843,775.0222989152961,130.0,122679.15639216518,77.06087203268515,1725.536459714761,128.0,255.0
VG8769,33451.07080159328,767.9031069382909,130.0,119840.42489404112,76.29949291592206,1771.2415927806794,128.0,255.0
VG8794,39501.35844661322,830.8669307842887,130.0,113900.73591494384,79.43396647406762,1697.2436742879988,128.0,255.0
VG8845,32921.87502446291,778.0520736082717,130.0,120366.70755339088,76.7820357817168,1789.8920491098331,128.0,255.0
VG8849,35452.60538179697,748.3259763078232,130.0,139416.30840064256,78.71743791029222,1838.581357729032,128.0,255.0
VG8904,27155.241053915848,681.424977761676,130.0,113533.66628919014,74.33979454428831,1902.601488081138,128.0,255.0
VG8917,21332.9508984138,798.8652085989871,130.0,37284.34099831989,79.03842960169173,1793.4270441032104,128.0,255.0
VG8934,20489.29177316737,743.2367750183824,130.0,102510.45407799348,80.53114376817962,1763.3949823039632,128.0,255.0
VH1373,14221.257850732,751.742469503321,130.0,9195.27271066233,79.71707619582322,1854.3482363662956,128.0,255.0
VH1382,31472.581980075964,1006.906061980064,130.0,126936.12222912874,73.36380760916985,1769.9534728671213,128.0,255.0
VH1385,25691.57728498324,749.5798677721854,130.0,125790.66956368754,76.86907993478967,1796.3435441368313,128.0,255.0
VH1552,44185.76563525091,720.488703889301,130.0,125820.1730870064,73.02472631987666,1902.9399502577908,128.0,255.0
VH1562,36575.52416641219,738.8453716204268,130.0,135176.57831972165,71.7299413492468,1766.6558573746108,128.0,255.0
VH1568,38155.39202789286,747.2404267954136,130.0,105312.95970410442,80.34144954281997,1823.8243187959777,128.0,255.0
VH1570,29310.557072932337,735.8929639438653,130.0,113557.15375369176,78.27889324416796,1918.4809130575384,128.0,255.0
VH1579,43759.78021264431,735.2211167790156,130.0,108020.55129169932,79.86962734776893,1872.6587477993517,128.0,255.0
VH2044,15701.535276306082,858.6479957597786,19.45255337635424,125699.66242670258,80.22562568482233,1748.8168119757945,22.27768687923485,24.12769809934049
VH2049,16712.414834729858,858.766406044761,21.00833221998469,131015.9779649083,77.41931428677402,1838.939549133452,18.66387965376444,26.182922870393583
VH2055,14504.960410147049,775.9143578340185,18.4480081247514,113087.0066714319,79.42027409880818,1840.7063974723703,21.75911053656677,23.078647010310277
VH2057,13916.199552824646,855.9604833099303,18.16140095290042,112150.63636901444,81.13723374409372,1697.5721866157269,21.70762790940175,22.722758996444327
VH2059,16969.41861492442,843.8468467220922,19.068505480613684,130581.4397760305,80.58333037176374,1743.3508412546842,25.233476460395355,23.35960810063209
VH2476,13753.888781977754,846.3331864011211,20.184241383884505,112487.38962533804,82.4731050024045,1753.8724452441036,25.35625303457661,25.205179656147603
VH2478,14225.351482395266,828.7033261673196,20.42423906710358,114535.1481744028,85.16698996132524,1788.0668016774343,27.16141091778619,24.96885806378832
VH2480,18010.89971850006,880.5567449420063,21.93905146744276,149132.38532254702,79.29062688485833,1821.8188446083095,18.2302349557884,27.781320035536293
VH2485,15144.100501672894,874.9917859227513,21.003718639767392,123413.54016155796,81.81522733785557,1788.2934116126269,21.08111387731144,26.2182242713398
VH2487,15147.48671387544,803.6002290295237,18.638125842456848,123751.26157279684,78.52633536305201,1766.1384736065058,25.644673182477693,23.37128919590645
VH2490,15875.760427674875,797.5898340060644,19.4248927277714,126836.40627863228,79.01442399985486,1820.9226732978975,21.970677573984148,24.349722437671755
VH2491,13310.613948600352,814.4944857142455,20.403832476825063,109578.21493896875,82.88112237595674,1793.817378653602,23.670080659509352,25.065166831825177
VH2494,15542.526087316708,860.2506184717959,20.96473292351181,123523.10711758664,78.25137755348533,1841.0623111704128,18.64053937368492,26.401183116541446
VH2499,15443.280236952882,908.871882339985,20.90397290550709,123957.9159422624,79.26619051954991,1673.290088951181,21.31813000389084,26.325595564706905
VH2514,16314.750505686516,765.0836426675511,19.838711864260198,133688.6278849705,81.11967837419333,1737.781622910171,28.67192786930145,24.545346937642563
VH2524,14489.209589003558,879.1690728402742,19.49698157215775,117434.15116063385,79.8813518910268,1740.1155366028977,25.08005687863744,24.13624802763056
VH2531,12808.331871891533,943.7986011891804,19.773543191440563,100938.51277917916,78.45223471113052,1618.2966761889977,23.47858487345436,24.707875498314
VH2534,11498.758280412245,896.0944021886912,20.176808810647906,92014.33079534824,76.82951908103443,1755.945113148881,18.741709786660707,25.3756689605099
VH2537,15143.641404797085,910.2026984903772,21.71379514739264,127991.03525875793,83.43587498040247,1666.3988734812265,22.200743680623955,26.99053818344551
VH2540,14543.60053975344,948.6598016435984,20.242143945315224,117185.66947592417,81.68751648987029,1574.9310044026988,25.8826546267685,24.99974756485079
VH2542,16725.59590752822,829.0553441153253,19.551658917320815,134305.72639785122,80.75771646787904,1792.537263972735,22.12499891938552,24.34907892842657
VH2544,16447.43767274514,981.0601286969936,20.062375163413336,134580.46712050494,79.57468043605144,1608.5852978601372,27.794553230170592,24.654704762167004
VH2547,14691.819503056531,880.6967539763115,19.033273529070897,116940.21676246946,78.99349044125275,1783.2060296143302,21.616555827042223,23.68482069142866
VH2549,14910.516497890108,812.0657240202978,19.780743024716028,115786.10841558164,78.9430228631508,1806.3420978302609,22.523013976980845,24.594314663280468
VH2557,15349.505368667998,828.5497368202774,19.87723630535829,125181.43199668857,81.03071703188321,1782.2398460429506,22.50231282944376,24.74156302198089
VH2559,15845.672453853864,820.2085551702252,18.89617283802484,128707.16229866372,81.00148967439004,1755.199762144843,23.49488120889781,23.874379835093603
VH2675,16508.997094592774,835.1041455653781,21.124101242349337,137144.99630771493,80.56178273308088,1691.8374468114196,23.97953038316589,26.17202125995122
VH2687,13494.26635288825,881.2434076917835,18.2267976795378,106241.48816064229,80.43892556448846,1662.738983663607,21.852769241288403,22.912005499945888
VH3585,102447.13264899666,996.253671041732,19.833281928906946,998970.842996053,78.37689290034709,1732.3415514685366,24.942181043587077,24.750979678725184
VH3593,13826.822049084136,929.8939810435886,18.823604426111185,112841.19766075304,81.0803937415357,1763.35800034312,22.243573903222103,23.50244327138515
VH3603,15026.58388951011,787.8178977015958,18.53307706877,119690.05452550588,79.58510677879147,1769.1087739693874,28.37307808192781,22.92663910196165
VH3694,13890.043870967587,755.9255191567245,21.411817244519018,116219.4784698495,85.63128186797256,1856.1733395445256,23.184332106499507,26.7332833524016
VH3697,13958.413701297051,732.682724363242,18.811548615464197,117203.33130476077,80.71605165506578,1783.697482571339,27.19224919308752,23.381906085879404
VH3738,14.6,599.0,130.0,39.66666666666666,78.33333333333333,2418.4333333333334,128.0,255.0
VH3743,12667.38613668925,795.3829574154529,20.73065749482665,103953.62871263392,70.84422435165975,1840.3358413196056,11.92467851829016,26.893881290726664
VH3745,15328.942195396849,918.7079205922932,21.009616433724577,127285.7391077524,78.711263156942,1637.573989675437,21.55808595002348,26.083374708364985
VH3750,18445.37300349772,877.3127910109912,18.82285492493613,154539.08311519507,81.9333342558089,1750.615350847908,30.24312145750844,23.31748553065024
VH3751,13740.562805495669,792.7384099851834,18.746350265091216,114251.84066410689,75.42141641000214,1613.4877199777393,23.38134780060648,23.501470235781124
VH3982,15415.885489889988,936.3039164983784,20.892577827120515,129361.1396697137,80.76899691967466,1719.5431067303225,21.07789189458554,26.173976548579216
VH4030,17336.1542001161,853.7331320833258,20.545617474899316,142814.06158168375,80.05211308439027,1797.031628482842,28.14388213676347,25.66986621596245
VH4037,15299.322183067798,845.1492823700277,19.886095987387645,127473.35661479342,78.26477279373216,1853.216140169313,17.505824683365066,25.036414077102457
VH4043,15276.957164197172,800.5102401652788,19.79088042880688,125993.37236207706,79.12716154233753,1724.7263088155696,23.21343985551048,24.832687987351893
VH4044,32703.78259649989,761.8123281395591,130.0,94233.7553316849,80.2485767135107,749.0512747948974,128.0,255.0
VH4046,16712.973843973978,906.3984349073836,20.335936214521706,131676.04556442302,81.71374742611442,1622.1826801799216,24.669193301926725,25.04759297940677
VH4053,18154.46727236669,910.4947058480766,19.745113490377257,150644.8539152485,81.48263491797033,1615.7779489356217,25.558602610626284,24.545304204498365
VH4057,41722.47696554079,784.1809735907599,130.0,132628.29146006433,79.71297612925771,1650.2012380264107,128.0,255.0
VH4059,15719.982202897994,659.5523838066082,17.471292757859686,127158.90511188425,79.1261899801325,1877.584216337887,28.712596782112914,21.60540484722987
VH4062,15114.817467612336,795.4447843621568,22.850649588720767,130855.222147582,83.82904098006651,1809.2132872125808,24.078156623372543,28.17997326196712
VH4069,13970.81978187018,889.1427566466963,19.452639043626395,112026.52667998604,79.86097790086883,1670.8844710940086,21.158614760233775,24.35520846834827
VH4073,15237.128597919802,819.348633022211,20.01101974278582,125983.69394077876,83.59957771802969,1753.6663938580714,18.85330809465732,25.038226147462705
VH4081,95451014.26481482,4114.37037037037,130.0,954493510.0092592,141.83333333333331,2875.425925925926,128.0,255.0
VH4084,15126.465679651656,765.8611825928473,19.208402898699543,120579.20594755832,82.58035303232838,1708.3226259469975,27.579720514603423,23.747619115643907
VH4086,36350.68605405473,747.204771907196,130.0,114604.62296226669,81.31729598026051,1885.246030890253,128.0,255.0
VH4089,16679.356166489182,760.2632663903121,20.74235370010592,135844.15464480332,77.7420872114806,1843.374075563124,24.11561739528569,25.94248986210477
VH4096,13517.794557668456,777.4465500105483,17.91085588938666,110928.2895213105,78.23580582528024,1510.9171162329185,23.66668862695332,22.66149749588729
VH4107,36024.90320669237,766.6387364672277,130.0,124360.60878576408,77.12899116459388,1735.9960174947464,128.0,255.0
VH4108,18625.124821725145,863.3753692969821,18.90533276436101,147630.1150852491,79.48829635417097,1661.5691023634,20.02431677697081,23.42789211322348
VH4113,15818.200879792592,857.3586323789735,20.777503172453287,129905.8818708373,78.83678840801996,1907.994517918896,15.337460649144996,26.57927406012867
VH4189,12834.88320610443,1053.4857913640114,19.16372674150326,105858.93730162604,81.34042013690218,1468.7619508089454,32.98846531655291,23.72981478094832
VH4206,1072915.9110447655,748.1664185178522,130.0,10647283.31559248,73.679935416167,1987.551858606164,128.0,255.0
VH4215,102995.21955300054,766.56891135355,130.0,724955.3233257333,83.70541393526175,1709.8711853623756,128.0,255.0
VH4221,43197.44968672403,764.8382708207845,130.0,109026.78328361693,81.9152836197756,1838.5134734466112,128.0,255.0
VH4236,36100.476044970346,813.0922514563881,130.0,129069.13201250108,79.94134927452045,1734.968225226425,128.0,255.0
VH4268,21504.485461395598,742.3513706237236,130.0,5824.08852373431,76.53942304752668,1813.0105362902136,128.0,255.0
VH4270,25666.93981257081,785.6391417039273,130.0,124591.42146009246,82.4404562944688,1772.8642665681798,128.0,255.0
VH4283,26642.04260445342,790.3546781174053,130.0,119234.50566101546,80.5932119653056,1821.91937366966,128.0,255.0
VH4307,31774.810873524693,792.9050646007566,130.0,120554.06098021714,72.49981695092842,1774.7357383753597,128.0,255.0
VH4318,39055.64462598674,750.2761437949722,130.0,117842.30537289123,72.4292372126492,1832.1052288515737,128.0,255.0
VH4328,23982.31864040671,782.7453362294532,130.0,133004.6379737997,82.36660464591851,1761.7159281558568,128.0,255.0
VH4335,62299.431385523865,744.2512114180457,130.0,501447.6845997084,82.81910203275011,1928.4019651353835,128.0,255.0
VH4356,24806.4506073374,790.9043017574271,130.0,12544.973984918004,80.2929879085877,1778.1070720054258,128.0,255.0
VH4557,37453.45722336809,830.9846130299975,130.0,139864.89301475394,82.2281571751878,1712.1429406251111,128.0,255.0
VH4571,987480.7159136848,663.668581851272,130.0,9719905.168716837,67.0598690371568,1810.9433676696149,128.0,255.0
VH4577,90681.05071183876,727.7137342118461,130.0,631178.8941952854,82.50720110744,1737.5773019181772,128.0,255.0
VH4586,45289.40934557755,800.7112102480181,130.0,26083.435882553105,83.2852565647555,1743.0965912151933,128.0,255.0
VH4604,89685.45311337791,788.028073466597,130.0,377742.78951484937,80.99384048457597,1748.9482294959828,128.0,255.0
VH4642,51942.82606898437,782.5179342090279,130.0,105336.39449428744,78.58742153918716,1731.0506237094708,128.0,255.0
VH4643,29498.0927210049,763.4975273979277,130.0,106866.69053625822,79.27180237211685,789.0292945952705,128.0,255.0
VH4652,42636.4507213254,770.11231422854,130.0,168454.13716237768,81.23251456577417,1765.8881935947118,128.0,255.0
VH4671,50934.48580033609,814.4880382863648,130.0,124146.0202584769,74.34985848611743,1672.824734525973,128.0,255.0
VH4683,131785.70523100914,722.8697288535295,130.0,102986.72677697784,80.17977932647823,1818.343610097772,128.0,255.0
VH4919,30889.258972715117,869.6185750369204,130.0,120141.79579226334,76.32104889283382,1723.3553299384646,128.0,255.0
VH4920,33943.86386691942,764.5231301864878,130.0,127728.65672956668,75.30402767087038,1854.395360642984,128.0,255.0
VH4921,67580.3203164382,719.3410295410614,130.0,142004.6795585912,73.14643537064603,1681.1593537827375,128.0,255.0
VH4924,39027.53281982797,698.3016526436363,130.0,103616.84242073768,72.655688431499,1924.1500260644227,128.0,255.0
VH4925,38073.61340052104,754.941146164068,130.0,117871.29439082512,82.0913826358709,1767.5653776369218,128.0,255.0
VH4930,40234.40965230954,759.3546393091896,130.0,109829.42732091964,75.86358680320089,1827.8509436421891,128.0,255.0
VH4961,39183.06164238972,775.8204946244106,130.0,126297.83879149125,83.6312371947565,1757.4526965576945,128.0,255.0
VH4964,41168.00550863467,784.0697476527133,130.0,115285.93552842672,83.38047480884646,1778.0593296517927,128.0,255.0
VH4985,41532.527366923074,790.2496883667973,130.0,102273.9199957123,77.42803671702966,1648.5813060202602,128.0,255.0
VH4992,26403.1959948324,735.3436610631824,130.0,127149.03354153498,70.91722797212047,1914.129839792841,128.0,255.0
VK2607,12259.000307457864,1112.1302961007548,15.585384969302112,98738.9042058123,72.1015640876119,1596.9512156591172,30.32204022621262,19.44595833822518
VK2655,14811.410622266723,803.109070026388,19.837706306796125,123000.17907392015,81.88281537484686,1756.8749126535686,23.613157828775314,24.40004761966121
VK2684,14015.05239870848,967.1727924572662,22.41229754671496,111630.31754766597,75.59462095027041,1748.164118016515,17.084824161587623,28.772402663368243
VK2745,15781.0997918833,801.9058155568559,18.37007870748104,128866.01310405502,79.07386404892715,1664.3556263763296,30.762465847902067,22.87352219137162
VK2767,17965.215212766805,845.0400306554169,20.575933502244563,148626.15917493877,81.47692053044626,1781.693824939767,22.647107019832745,25.803876530598007
VK2852,15726.55271843542,836.9429961249879,19.252081809383,127739.7226609597,79.23654312610573,1667.078978586315,21.92727811214346,23.943600374458843
VK2853,14700.955223430774,802.5846140836538,18.85610010227888,115830.24662924076,78.57184263320008,1626.3955036090488,21.279164260956836,23.71956003855428
VK2906,14947.731048333444,812.0950204492106,19.999033923335364,126803.08003054908,82.48712581312203,1667.7485279043588,24.775890699991876,24.69854126002259
VK2913,16726.48766588425,738.291901006167,18.943177910997388,135232.08406929162,80.5173657295753,1787.0101835865587,28.562474308039977,24.017916554425494
VK2934,13775.493849992956,798.4195843840131,21.54877435395891,111187.50108859438,71.77451317316658,1903.4634016700509,15.273308352384433,27.053517207149483
VK2947,16011.372758039415,944.9233838637076,21.602787138452804,133512.6317261573,81.70361682418579,1538.4945953687688,21.372230791729145,26.42174904801798
VK2961,12275.999993001256,777.5112041723129,18.918781160391017,100348.38527715976,75.27276778531542,1682.1219803516617,26.34332214724191,23.930415909342145
VK2971,16568.51831246623,809.7377433248788,19.765253543198867,134764.41762114325,79.40473255568489,1856.1610777744688,19.220260020053345,24.779361944042165
VK6243,14295.069416234275,751.6591274335234,21.27305341248045,122326.50219405736,82.15383838669548,1824.2824692113427,22.480586649325417,26.282112102331546
VK6258,15136.315157434074,873.158317525559,20.88316757893385,125563.89761060652,80.17667221012682,1731.961410373441,22.104451656331417,26.130136513088036
VK6274,15214.207118596343,844.748802152266,20.527345878468346,123837.18102827774,80.94972758167007,1788.160431287958,20.179430740983165,25.649651713575963
VK6295,14237.84727006974,815.9976503217839,20.053285241175185,117627.43647062636,79.87609884495066,1697.100153371621,21.54494125511771,25.051188462416984
VK6448,17248.155207537846,977.1845552935904,21.07903655729718,141779.80664956613,81.6786469753592,1579.0013249352007,29.288731199889853,25.9451057165369
VK6460,15773.36350912822,828.6277931708128,19.91449834478605,128543.0179920871,82.1187196392361,1693.054080735822,21.76309841482355,24.8689921150918
VK6475,15187.281866357864,823.8145278015755,20.2163530117676,128993.74680884644,83.68675983518686,1579.0377949594028,25.780165409266925,25.236994787384848
VK6749,10141.141591447877,1916.4460652543853,15.990922968299635,79833.9601391617,75.15742821651888,1120.931753875751,35.61378585109688,20.54685644641794
VM1879,542.9003435143168,884.8453341653086,19.607895143631165,4034.3532365089486,80.6261438236207,1748.4042617886726,25.258564792062312,24.452668459988185
VM1897,15044.28971974262,824.9219835793141,21.545846733389578,124512.09739674268,78.02143223391725,1859.081685587552,21.000660946653625,26.9360557597248
VM1907,16809.633703746396,898.441071264703,21.34521539575915,138841.63078407463,84.27187076466343,1634.0821347033389,28.449219950314333,26.326154915407876
VM1930,16132.049642185912,763.4225152019212,20.68400227838949,132003.56367026133,80.05626624726604,1927.237610439928,22.54553674677093,25.67767055748156
VM2846,15014.088074524348,833.2053941536992,20.42011904808133,122707.09049345116,81.22756525651319,1760.8501087123325,24.325983239077573,25.358084307764035
VX2856,15250.072759359571,846.9296674792554,20.409895478538967,127074.52869455692,79.67941840776798,1733.8119861173764,20.94800738895256,25.4823491952869
VX2864,10999.444190350629,983.2471512528066,18.58192878904128,88369.94045613668,78.53371542780353,1582.487259163306,26.39017870737664,23.09670013406553
VX2890,16167.756930490998,1007.9351693169456,20.141544949788507,128985.7843931086,83.15778741565492,1704.957516298644,20.514945987300507,25.22878911196057
VX2897,11238.7214809628,822.8283738354725,19.888577473669034,91521.08144266107,81.75716910652987,1775.023016782214,23.68087222198106,24.539341640558717
VX2919,17269.930074532833,874.0975181041741,18.57206288806659,141342.03935023665,78.9272293535725,1722.217900836785,24.032414197331672,23.1761840099974
VX2960,15413.356925409627,793.0483640527941,20.159067614355447,121489.42036777629,82.37715423861519,1763.9285707674662,21.00941114436177,25.367852494928016
VX3035,15323.928267338775,811.2555403742846,20.96322472953354,120888.73411672708,80.83934865051343,1823.3518827867783,19.951381466502013,26.3133852646573
VX3097,13459.119427847172,815.9630772500501,20.33817576745848,110774.68676131846,73.73636621185382,1744.3078571845642,24.06320009355049,25.39233553969397
VX3537,12571.237112665753,777.3182120273855,20.228334010090435,104836.4857130714,84.0622077992317,1754.7271305651202,29.50480836733692,25.381510660858165
VX3578,12281.19770965495,805.6851954011413,19.00423815241675,96927.87665732775,82.47296389018406,1721.654127836855,28.24992014767344,23.463247958933195
VX3625,14526.28368324758,775.0032142991935,21.026269323375946,119427.17834414334,78.48051459740077,1795.7981639009893,21.570202542638523,26.12266823909211
VX3739,16119.090121608157,894.3905780764935,22.746232578834185,127876.90721451202,81.92998297970932,1715.627398191209,22.84910736704272,28.02801100545612
