VEH_ID,DEPOT_ID,DEPOT_NM,MODEL_NUM,SPN_513,SPN_190,SPN_91,SPN_92,SPN_524,SPN_523,SPN_1821,SPN_2806,SPN_1087,SPN_1088,SPN_917,SPN_247,SPN_964,SPN_250,SPN_237,SPN_110,SPN_84,SPN_597,SPN_595,SPN_183,SPN_184,SPN_171,SPN_96
VAK962,M001,SUNGAI BULOH,VOLVO B7R MRT,130.0,750.2148999574287,14.2504895700298,255.0,1.4941677309493402,1.4879097488292892,,,2040.0,2040.0,280986.18173137505,70277.90481055768,,111951.65798212006,,73.16100468284377,10.483908045977012,,,1628.3048573861217,128.0,1711.3907194550873,84.2070668369519
VK2906,M002,KAJANG,SCANIA K250 MRT,20.170278485977644,815.5680525593253,14.453324181212002,24.728770347126886,1.4459697979996078,1.4422435771719946,1.0,,1096.7009217493626,1096.6362031770936,255285.8520847225,14469.762826044323,,122896.10146597373,,82.58467346538536,11.572857423024123,,,1831.381677779957,28.625137281819967,720.2696852323985,82.05770739360659
VAK985,M001,SUNGAI BULOH,VOLVO B7R MRT,130.0,829.7072099858485,15.90928553285678,255.0,1.7015131173119489,1.6966871076599297,1.0,,2040.0,2040.0,264566.6726154795,60954.702423890565,,109447.64732029464,,77.52520047897238,13.231140462280925,,,1751.9613520084183,128.0,1662.268768823252,80.09927791284154
VH4053,M002,KAJANG,SCANIA K250 MRT,20.31468949044586,991.5163880042463,14.841096072186836,24.84574044585987,1.4236995753715498,1.4190552016985138,1.0,,1066.997346072187,1067.465498938429,308020.7290067675,17820.530659501062,,148053.84272160297,,82.07132430997876,11.39032643312102,,,1483.9657576963905,32.91514729299363,702.42429007431,77.41255307855626
VH4062,M002,KAJANG,SCANIA K250 MRT,21.2638111462643,756.6409507584976,15.36233471241989,26.307860793380385,1.5852599983775453,1.5819339660906953,1.0,,1074.4817068224224,1074.6621237932993,267639.00853614014,14539.014103188123,,125931.0385130202,,83.10996187231281,12.905492009410239,,,1839.9949014358724,27.22377301857711,757.4814391173845,70.53918228279387
VH2485,M002,KAJANG,SCANIA K250 MRT,21.089479680972275,802.2671477402203,13.03759969616407,26.333991644511965,1.5660463349791114,1.5629320167109761,1.0,,1077.6063805545007,1077.730953285226,257057.21392707937,14463.323349791113,,118580.83361184961,,80.59612609191036,11.746904671477402,,,1864.8030459551844,22.161648309912646,510.7307937713635,73.67785795670338
VH4577,M001,SUNGAI BULOH,VOLVO B7R MRT,130.0,688.9872290568248,13.943995313415348,255.0,1.4864674868189807,1.47908611599297,1.0,,2040.0,2040.0,304039.25869127124,41104.872255418864,,120646.94932630345,,82.10779144698301,10.254715875805507,,,1748.2240773286467,128.0,1721.7613356766255,86.72759226713532
VH4920,M001,SUNGAI BULOH,VOLVO B7R MRT,130.0,835.0419514884234,15.107386990077178,255.0,1.6945424476295479,1.6869900771775084,1.0,,2040.0,2040.0,314233.46772822493,17263.578384785003,,123452.82359426681,,75.49101433296582,11.288864388092613,,,1607.1927342888644,128.0,1665.9431091510473,87.20154355016538
VH2557,M002,KAJANG,SCANIA K250 MRT,20.61715147958756,897.1516472462067,14.248218626875682,25.379160030178557,1.4675999664682706,1.466091038645318,1.0,,1053.1531561740296,1055.271690837455,257685.60613043845,14820.363936625032,,121392.42832592841,,81.61396596529465,11.401710118199347,,,1544.2075111073852,21.67242015256937,718.4057003939978,71.13831838377064
VAJ2850,M001,SUNGAI BULOH,VOLVO B7R MRT,130.0,677.118183781449,13.289007666558687,255.0,1.4003887269193391,1.3947197926789763,1.0,,2040.0,2040.0,293234.0078490444,28410.373269625314,,119594.50817946227,,71.151171579743,9.825504805096642,,,1913.1748623258825,128.0,1767.0,87.38235611705
VAJ1570,M001,SUNGAI BULOH,VOLVO B7R MRT,130.0,856.1948518583966,15.780232078694704,255.0,1.719679566472286,1.7144960829357365,1.0,,2040.0,2040.0,272262.7160858809,26863.64811804206,,107644.17414737586,,74.76097072509866,12.51169228956824,,,1607.1689285503917,128.0,1680.971255227661,81.8698238793662
VAG4873,M001,SUNGAI BULOH,VOLVO B7R MRT,130.0,837.092562104416,13.842571250868913,255.0,1.462627593019427,1.4512859912925768,1.0,,2040.0,2040.0,284166.94246734714,23741.80836717521,,111169.41301723191,,75.48860351955511,10.267771558189734,,,1560.6870925255184,128.0,1638.8124611275748,87.71133794314565
VG6491,M001,SUNGAI BULOH,VOLVO B7R MRT,130.0,831.0939449541285,14.427522935779816,255.0,1.5381913499344693,1.531218872870249,,,2040.0,2040.0,279244.810763827,49378.886736566186,,113751.47651376147,,79.28346002621232,10.498034076015728,,,1703.0787627785057,128.0,1700.231349934469,82.94290956749673
VH2499,M002,KAJANG,SCANIA K250 MRT,20.418540818133522,712.5214273065344,14.11005843810873,25.263414202231274,1.4472286169647601,1.4439082698778112,1.0,,1036.204002125022,1036.355941207721,248708.16204356294,14922.032875863291,,120084.03785195679,,80.1867805914645,11.475163803789624,,,1757.96840800425,30.94311581370639,616.5535062865238,72.24428900301045
VAG4729,M002,KAJANG,SCANIA K250 MRT,20.262107273042876,771.0119770873113,13.725394896719319,25.413643464676273,1.4250998090609268,1.423016837354626,1.0,,1120.9151189029683,1120.9151189029683,246963.14997917027,13963.021298385698,,116671.73832667939,,78.03072383266795,11.256031938899497,,,1918.2958166984897,25.47708731123069,641.6136087484812,84.47786842562056
VAJ2876,M001,SUNGAI BULOH,VOLVO B7R MRT,130.0,762.0267597440372,17.79420056383407,255.0,1.8380095762294715,1.8290150803239809,1.0,,2040.0,2040.0,290369.3234053788,24771.26116257216,,116332.7341030116,,72.60818006891306,13.477245267821184,,,1956.0038483912829,128.0,1766.2496531972972,80.54790352172552
VH2487,M002,KAJANG,SCANIA K250 MRT,17.09855169767888,709.8259639363131,12.348311912526377,21.17566660272396,1.349079225014387,1.3474486859773642,1.0,,1096.649530021101,1096.4542489929024,259413.0300791291,14706.699218300404,,120697.7589679647,,79.82701899098407,10.709620180318435,,,1704.949812967581,33.97753692691349,861.2662526376366,89.1649242278918
VAE7104,M002,KAJANG,SCANIA K250 MRT,18.17745932550372,763.9155263441439,11.835524189203749,22.309395539273787,1.3630535502639802,1.3631612972740006,1.0,,1105.664044822756,1105.7554142872534,208217.45720989117,11961.121236935674,,94430.6510343713,,79.879000107747,10.41067772869303,,,1790.8681122723845,29.47290162697985,650.2018155371188,81.46902273461912
VH4328,M001,SUNGAI BULOH,VOLVO B7R MRT,130.0,785.2037258285765,16.59436258241515,255.0,1.8523385990530554,1.8417186601177042,1.0,,2040.0,2040.0,324368.4174034249,27015.276414885615,,128583.07203858577,,82.22828443736448,13.41479711491659,,,1736.9562325766626,128.0,1724.5422806318863,80.72631532368689
VH4189,M002,KAJANG,SCANIA K250 MRT,17.39498213453472,1028.546139505981,12.397545440422556,21.707938480658694,1.3038682616125525,1.3017710113406866,1.0,,1052.2305421780331,1052.0720832686034,214792.48288643776,12220.696745378282,,100912.4724638807,,80.8077520584123,10.002330278079851,,,1342.7660323131893,33.191766350784526,675.8054839210813,87.70149137797111
VAE7225,M002,KAJANG,SCANIA K250 MRT,19.468493295882134,977.9309979331179,14.4940908368223,23.825427950606816,1.4017171021251789,1.3975303407705761,1.0,,1078.150193438974,1078.3566696698288,303115.6719513488,15492.955562032965,,143274.18816577454,,80.92400233186709,11.286289681488155,,,1448.7133605384493,34.806582224813184,667.2384281095977,80.77179500768456
VX2960,M002,KAJANG,SCANIA K250 MRT,18.6528647537153,832.2767548369006,11.769791569305543,23.39751378633517,1.404710720628096,1.4069539209271895,1.0,,1101.0995420132722,1101.0995420132722,251122.87746237963,14855.2519955136,,117539.22371249649,,80.47527806337041,10.326198710159828,,,1659.0015608935414,29.049911206654826,679.4135339751379,83.95653799420506
VH4283,M001,SUNGAI BULOH,VOLVO B7R MRT,130.0,726.834608308318,15.243149026822891,255.0,1.636293211968626,1.633775539847003,1.0,,2040.0,2040.0,288292.22822794615,15462.904425292922,,115625.82013169362,,80.0349569090733,11.950905393628354,,,1965.7725961072917,128.0,1767.0,78.95419773409509
VH4107,M001,SUNGAI BULOH,VOLVO B7R MRT,130.0,759.2434588977546,14.065986268324364,255.0,1.6388569307849323,1.6289478567452218,1.0,,2040.0,2040.0,295915.5345177213,56342.607737984785,,119374.88673223232,,76.72555205047318,10.549155687511597,,,1884.6038411579143,128.0,1711.175542772314,83.79305993690852
VAG4711,M002,KAJANG,SCANIA K250 MRT,19.757580815667946,1118.781449952707,13.34156790741668,24.293161965169976,1.4115617871251323,1.4086685583931453,1.0,,1189.5839314527348,1194.7098425415902,277153.53227786126,16591.348372558838,,129152.41918433206,,83.20942524898459,11.224503421799366,,,1592.7816947643687,25.22534357091192,713.4305792021365,84.71312524342069
VH4586,M001,SUNGAI BULOH,VOLVO B7R MRT,130.0,755.7395081227437,14.92932084837545,255.0,1.7214575812274369,1.7167193140794224,1.0,,2040.0,2040.0,288376.332996954,27266.399576940432,,21372.493259250903,,83.25423059566786,11.574796931407942,,,1865.3253892148014,128.0,1748.3630415162454,81.63842509025271
VK2947,M002,KAJANG,SCANIA K250 MRT,21.302734375,863.8906808035714,14.458984375,26.055245535714285,1.357421875,1.3545200892857143,1.0,,1047.0790178571428,1047.213392857143,272678.8875719866,15549.89622767857,,129797.96629464286,,82.06339285714286,10.590122767857142,,,1654.6065345982145,22.25032924107143,732.2671261160715,77.34654017857143
VX3625,M002,KAJANG,SCANIA K250 MRT,19.60685700633138,684.1009437343208,12.975391231633019,24.09234261139649,1.38274997013499,1.3808386094851273,1.0,,1067.3926651535062,1067.284673276789,256654.16046589418,14208.395054354318,,116939.59580695258,,79.16616891649743,10.590132600645084,,,1762.8346195197705,32.6379644009079,574.8045036435312,84.75713773742683
VM1930,M002,KAJANG,SCANIA K250 MRT,19.928771222272815,824.2592207116373,13.552527158004294,24.657776621349118,1.426201782345671,1.4235347687504065,1.0,,1109.7680348663241,1109.7742795810836,277328.9816184219,15999.400598451832,,131014.66844467573,,80.5378260586743,10.866714369348859,,,1869.37253626488,25.17571716646068,672.1006504911209,84.29233070968581
VH2049,M002,KAJANG,SCANIA K250 MRT,17.300347075256074,677.8123254042157,11.487175146025566,21.39084059933971,1.3873698467789723,1.3872851942774909,1.0,,1106.0018623550327,1105.9950901549141,279271.4274807415,16348.891103022093,,128453.18238381445,,78.16388724286803,10.70532464234318,,,1885.193320917633,27.246059426056043,713.7526030644206,89.69186489460763
VAJ6259,M001,SUNGAI BULOH,VOLVO B7R MRT,130.0,672.0044608122828,13.403288552310805,255.0,1.4402717983297888,1.43186887286685,1.0,,2040.0,2040.0,265959.75043726334,35740.14621609005,,104208.32654702007,,76.98298666943306,9.93547383163027,,,1874.467130037865,128.0,1767.0,88.55303698324602
VAJ2869,M001,SUNGAI BULOH,VOLVO B7R MRT,130.0,750.6561041107209,15.008386696963438,255.0,1.6822970460648625,1.676141293121256,1.0,,2040.0,2040.0,281012.07452096674,24064.983941334434,,111894.69555876884,,75.42226812642016,12.34666391241479,,,1837.1696922123529,128.0,1750.2583350547407,84.49303862838256
VH1373,M001,SUNGAI BULOH,VOLVO B7R MRT,130.0,758.5798498376623,15.2989549512987,255.0,2.241883116883117,2.2341720779220777,1.0,,2040.0,2040.0,281728.33015878656,919.148041801948,,5987.557452313312,,80.37494926948052,12.370383522727273,,,1877.7580052759738,128.0,1735.9365868506493,81.64356737012987
VH4043,M002,KAJANG,SCANIA K250 MRT,19.576434930858117,721.079307949738,12.283387005114605,24.419145040095977,1.3134432026267602,1.3145166382521942,1.0,,1029.3409105259834,1030.14510323925,260417.82788280607,14821.401187093516,,122598.18033718507,,79.60813285344446,9.719833301761698,,,1685.3559323104123,29.033604849403297,620.1443076340216,55.89644503378165
VAC5773,M001,SUNGAI BULOH,VOLVO B7R MRT,130.0,777.9810727102896,15.790324959441522,255.0,1.699803343166175,1.6947394296951819,1.0,,2040.0,2040.0,249996.21935647217,65653.10358898721,,308303.42620452313,,80.19985250737463,12.514625632958065,,,1779.55831366765,128.0,1695.6801376597837,83.66568338249755
VAG4880,M001,SUNGAI BULOH,VOLVO B7R MRT,130.0,698.1229187479188,14.431277056277056,255.0,1.557026307026307,1.5523643023643023,1.0,,2040.0,2040.0,288140.0850445388,24357.486176323677,,117355.22877122877,,71.93448218448218,10.728729603729604,,,1830.7441849816848,128.0,1755.5547785547785,86.08483183483183
VH4961,M001,SUNGAI BULOH,VOLVO B7R MRT,130.0,860.6660548815972,16.208424728054077,255.0,1.7371413223510452,1.7312771386364654,1.0,,2040.0,2040.0,296750.0427700434,35212.17584941134,,121365.71863109361,,83.47155199427011,12.576883477326648,,,1584.46918841488,128.0,1708.126102332244,81.43157706253638
VH4652,M001,SUNGAI BULOH,VOLVO B7R MRT,130.0,780.7462026842402,13.981194245760669,255.0,1.5765088804950576,1.5681105842642449,,,2040.0,2040.0,286453.935558547,32734.552989632728,,114220.63650245118,,81.03069999196336,10.488467411395966,,,1880.429590934662,128.0,1732.7715181226392,87.04267459615848
VAF5780,M001,SUNGAI BULOH,VOLVO B7R MRT,130.0,827.5958303848457,15.492460943878939,255.0,1.7043165859234664,1.6971857819389256,,,2040.0,2040.0,271059.7767954929,25297.435599586304,,105088.61082684666,,75.07408415437374,12.356431331990638,,,1698.700027216809,128.0,1690.8743672091884,83.90027761145284
VAG4871,M001,SUNGAI BULOH,VOLVO B7R MRT,130.0,885.3031689207107,15.881331211880138,255.0,1.6964996022275258,1.6860249270750465,1.0,,2040.0,2040.0,265605.5877194378,28219.30899628746,,106338.401849642,,68.91527446300717,11.889419252187748,,,1541.5547600106072,128.0,1614.3110580747812,83.03513656854946
VAF5439,M002,KAJANG,SCANIA K250 MRT,18.522432701894317,703.7167386728703,11.961892101473358,22.98294006868284,1.4301539824969536,1.4311509914700344,1.0,,1091.996898194306,1091.9570178353827,232654.08452752852,13794.365215464717,,111730.88949817215,,80.02725157859754,10.702780547247148,,,1876.5578265204388,25.961349285476903,537.9092500276947,76.18887781101141
VH2478,M002,KAJANG,SCANIA K250 MRT,19.225861169102295,673.5972077244259,12.630414926931106,23.62519572025052,1.3717379958246347,1.37160751565762,1.0,,1071.3241127348642,1073.3084551148224,224651.28082202506,13680.149928235907,,110177.17464770355,,85.06908924843424,10.752479123173277,,,1741.0629436325678,31.61187369519833,608.9089770354907,72.28438152400835
VH4642,M001,SUNGAI BULOH,VOLVO B7R MRT,130.0,850.1005617207836,15.89934694250354,255.0,1.7015572909530985,1.692423619673928,,,2040.0,2040.0,255136.30054436682,43223.16424167694,,100648.89633283098,,78.88733616477143,12.18139471160433,,,1401.658679271133,128.0,1602.1470977759511,81.98721286020915
VM1907,M002,KAJANG,SCANIA K250 MRT,19.57956213697581,948.0949767026234,12.989404480755729,24.21088913001851,1.3140997000063828,1.3156315823067595,1.0,,1059.667836854535,1059.8005999872344,273221.470273824,16145.255875406907,,133421.7957490266,,83.05814769898512,10.353418012382715,,,1444.771889959788,33.788421522946315,583.9534435437544,83.85606689219378
VAK967,M001,SUNGAI BULOH,VOLVO B7R MRT,130.0,745.4282092535713,15.038223392326069,255.0,1.6550631368533957,1.6479450051192044,1.0,,2040.0,2040.0,292735.08178343327,265536.3205060699,,110724.35434644825,,82.5269855199649,11.472331919457853,,,1922.9902978889377,128.0,1738.3333333333333,86.18945931451417
VH4571,M001,SUNGAI BULOH,VOLVO B7R MRT,130.0,628.8452804061851,16.126102007846757,255.0,1.6177705977382875,1.609508423724902,1.0,,2040.0,2040.0,310127.25593214866,16361.119529194555,,121664.33542580198,,76.67666743595662,11.540872374798061,,,1456.8239372259404,128.0,1766.8356796676667,85.23784906531272
VG8742,M001,SUNGAI BULOH,VOLVO B7R MRT,130.0,781.4269559657956,14.016902421481658,255.0,1.5738432030688085,1.568089187245265,1.0,,2040.0,2040.0,327692.09832733957,17394.281938783664,,130675.9809598018,,78.95588587868616,10.813194277950931,,,1554.5804283545112,128.0,1612.5198593462799,81.21713418045233
VAJ1482,M002,KAJANG,SCANIA K250 MRT,20.798838879578646,880.9595403399569,12.940268135025137,26.091333492937515,1.4699545128082356,1.470313622216902,1.0,,1116.2777112760355,1116.2255207086425,256831.45155494375,14555.10289083074,,123301.53516279627,,80.1792554464927,10.781182666985876,,,1672.5329722288723,20.132373713191285,744.3727974622934,61.96121618386402
VAF5746,M001,SUNGAI BULOH,VOLVO B7R MRT,130.0,756.8325502213142,17.84998297582567,255.0,1.9223016683690841,1.913585291113381,1.0,,2040.0,2040.0,295761.98207694927,14647.462662580863,,114277.63237997956,,76.0829417773238,13.918352059925093,,,1882.316179775281,128.0,1709.9092271024856,79.85141300646919
VH3694,M002,KAJANG,SCANIA K250 MRT,20.190390586697173,665.9620853080569,13.302663833959798,24.847850956038567,1.3373100179767936,1.332407256087596,1.0,,1080.5059650269652,1080.5360352998855,233142.0410965844,13521.253963065861,,113127.43928746527,,85.89704200032685,10.49926458571662,,,1763.3477202157214,28.86723320804053,752.5731165223076,79.5509070109495
VAE7492,M002,KAJANG,SCANIA K250 MRT,19.69273607748184,823.7369652945924,13.529782082324456,24.096933010492332,1.3475383373688459,1.3401937046004844,1.0,,1081.0808716707022,1081.1254237288135,255337.97105649716,14806.765197740115,,121523.19568200162,,81.09628732849072,10.199031476997579,,,1703.7245036319614,32.949257465698146,705.3827764326069,90.48135593220339
VAJ9136,M001,SUNGAI BULOH,VOLVO B7R MRT,130.0,709.5699814126394,15.571840148698884,255.0,1.5636617100371748,1.5553903345724907,1.0,,2040.0,2040.0,262260.7690018587,34012.00337360595,,103318.67788104089,,71.28968401486989,11.224814126394053,,,1927.1366449814127,128.0,1757.3726765799256,81.50650557620818
VG8715,M001,SUNGAI BULOH,VOLVO B7R MRT,130.0,753.3337810250349,14.173740195551735,255.0,1.5432470183732674,1.5397013000967015,,,2040.0,2040.0,257757.7339679811,426.4195498012249,,3025.8429407972494,,81.53572579778661,10.28892231653594,,,1802.4519716342538,128.0,1702.1839475663478,80.04244117331041
VK2767,M002,KAJANG,SCANIA K250 MRT,20.576354911554386,787.9912495295446,14.89894142554693,25.526793695601036,1.4908492119501293,1.483933192190073,1.0,,1117.5478710891555,1117.5505057633497,289818.88494707126,17246.92245589273,,143229.60385302972,,82.01656080922136,11.611544975536319,,,1781.745518701482,23.58032933427429,713.9407433545048,80.7877205363444
VAH9053,M001,SUNGAI BULOH,VOLVO B7R MRT,130.0,762.5350165432487,15.86265164644714,255.0,1.7678036867811564,1.7623286592090752,1.0,,2040.0,2040.0,274560.8436044588,23547.453214116907,,109871.81142665827,,74.91704742397984,12.33945170946904,,,1991.8271151725223,128.0,1738.2245155191429,84.43603277138806
VK2655,M002,KAJANG,SCANIA K250 MRT,17.571978103269714,659.3965823346649,11.341766533510874,21.69292794792129,1.2851013463530108,1.2828820831483947,1.0,,1096.082260689451,1096.0159786950733,250171.47577008433,14285.389007249592,,119027.44318686196,,81.23649948217192,9.462864329042757,,,1890.4224441485428,27.13762390886226,746.5679538393254,86.44126350051783
VAJ2857,M001,SUNGAI BULOH,VOLVO B7R MRT,130.0,808.4032096288867,12.679909293096681,255.0,1.3401508874449435,1.3335659151367145,1.0,,2040.0,2040.0,309138.96942741267,25386.53983690201,,121115.88886223889,,73.61528062448214,9.336792987658628,,,1674.471091535476,128.0,1640.7488116523484,87.20238977802974
VH4084,M002,KAJANG,SCANIA K250 MRT,18.93665723870289,776.3499309346839,13.858185884364929,23.325593632835623,1.3982108794316912,1.393606525027955,1.0,,1119.2664605669934,1119.2248898243768,254335.96243044134,14777.060606459252,,117833.73314477406,,82.61139248832467,11.26488193119779,,,1701.9672367295927,29.104058409524438,780.9202788923238,84.76846674998356
VG8643,M001,SUNGAI BULOH,VOLVO B7R MRT,130.0,804.8461647592925,12.79816513761468,255.0,1.3312683249787194,1.3294712948075287,1.0,,2040.0,2040.0,221265.05114489738,32396.917596708598,,92266.37373498535,,80.20779343611085,9.368769507235411,,,1669.3786295280431,128.0,1665.1399791922822,86.6466471200227
VAG8541,M002,KAJANG,SCANIA K250 MRT,19.555295578263777,825.861904307134,12.817113933721707,24.067424314774136,1.4011555725336644,1.397717505491357,1.0,,1066.590134186524,1067.7606609044458,275106.8183166993,15946.718370660426,,132534.04751444535,,81.4586695955303,10.387260051571007,,,1910.1924744532516,23.513804794193486,644.1758607516355,66.89737834869395
VAJ6314,M001,SUNGAI BULOH,VOLVO B7R MRT,130.0,845.5430272671424,16.55148622465857,255.0,1.7513350030716885,1.7418363971456925,1.0,,2040.0,2040.0,298659.14091111004,36507.9769198053,,116307.18564812627,,74.55852747979775,12.47625348518501,,,1805.8164926043191,128.0,1705.6319172061812,80.1087850290629
VAJ7134,M001,SUNGAI BULOH,VOLVO B7R MRT,130.0,823.0621808691706,16.00794281175536,255.0,1.7294337909905821,1.727561556791104,1.0,,2040.0,2040.0,253715.3339271531,50769.22239872915,,102574.40885623511,,76.54913196414388,12.375411324180188,,,1709.3364121184613,128.0,1680.4276636786565,83.99114943832974
VAH9044,M001,SUNGAI BULOH,VOLVO B7R MRT,130.0,739.6074892342258,14.47912375959558,255.0,1.5822505148848531,1.5760718966485676,,,2040.0,2040.0,282617.7880344505,23126.55959558135,,115367.51441677588,,76.15633776446359,11.406553079947575,,,1812.3633027522935,128.0,1717.902752293578,84.86747800037446
VH2059,M002,KAJANG,SCANIA K250 MRT,17.89910778876296,684.6926452857488,12.195466602363155,21.872293224017362,1.281842295635399,1.277839401977333,1.0,,1060.7787798408488,1060.9659030624548,278650.24508367496,16520.528410899446,,127379.47210031348,,80.23076923076923,10.16763925729443,,,1881.5817458403665,24.647774294670846,662.1443019049915,81.8375693272245
VH1382,M001,SUNGAI BULOH,VOLVO B7R MRT,130.0,767.9546933269856,14.615250337221296,255.0,1.6595120015869866,1.6502281293394168,1.0,,2040.0,2040.0,311591.7710283674,42489.8385915493,,123224.24876016664,,77.29446538385241,11.363419956357866,,,1752.8864794096644,128.0,1741.7339020035706,84.47760365006943
VAE7408,M002,KAJANG,SCANIA K250 MRT,18.718340803234028,836.0552772651375,12.219746902188241,23.222163634765796,1.4327269531593285,1.4310132700588805,1.0,,1089.427190438527,1088.9318920819053,226709.62330740836,12729.355672730468,,105194.78515247385,,79.15717549872572,10.519773266543632,,,1761.8375823886108,25.186910097548115,648.1014895860795,82.5213111872748
VH4086,M001,SUNGAI BULOH,VOLVO B7R MRT,130.0,856.5838998879343,14.08180799402316,255.0,1.6700410907732537,1.6635412775494958,1.0,,2040.0,2040.0,275714.89207246917,63761.7196077699,,110483.50207321628,,81.6903623459096,10.51057153530071,,,1698.0553903623459,128.0,1666.6927904370564,85.07964138961525
VH2559,M002,KAJANG,SCANIA K250 MRT,18.17565070075466,741.1394578777144,12.777876174341598,22.497189280763898,1.4045125519790544,1.4025874018173417,1.0,,1098.5033112582782,1098.6296011088864,263394.4623579239,15189.31570537502,,124189.72350993377,,81.42222393346681,10.875327275527491,,,1788.7010934852917,32.366694902202376,699.9535499768982,80.02206222085323
VAJ2854,M001,SUNGAI BULOH,VOLVO B7R MRT,130.0,746.7865282717572,13.269797488567903,255.0,1.466828772592001,1.4590259127531393,1.0,,2040.0,2040.0,327821.78133120417,34274.438252159394,,132668.76299266896,,69.53694563402773,9.948972925890978,,,1804.805912027292,128.0,1738.5361109094868,87.53749001959788
VH4236,M001,SUNGAI BULOH,VOLVO B7R MRT,130.0,819.7965521533482,14.090365944734877,255.0,1.5949091361712722,1.5883744087627583,1.0,,2040.0,2040.0,319534.963877894,71101.10667786906,,125643.44190316157,,79.95475479213343,10.802340054767239,,,1723.803435399552,128.0,1717.725292506846,80.35001244709983
VH4964,M001,SUNGAI BULOH,VOLVO B7R MRT,130.0,810.8008149192916,15.608473071096485,255.0,1.6992111999164186,1.6920022984903098,1.0,,2040.0,2040.0,277444.6488690383,37905.2588622473,,111472.72877814344,,83.20164028626652,12.016559577913597,,,1786.933202737293,128.0,1727.1829389332916,80.58820456563757
VAF7116,M002,KAJANG,SCANIA K250 MRT,18.91894586894587,951.0344729344729,13.46980056980057,23.138414055080723,1.345489078822412,1.3402659069325735,1.0,,1071.3599240265908,1070.9853751187084,274801.0023613485,15711.461566951568,,123575.31896961064,,82.52212725546059,10.328964862298196,,,1643.6601092117758,29.321210826210823,722.7160588793922,79.69548907882242
VG8650,M001,SUNGAI BULOH,VOLVO B7R MRT,130.0,757.0227671435812,15.177030135277377,255.0,1.6973997115122217,1.687887411796811,1.0,,2040.0,2040.0,305574.59776694863,32914.19319714631,,121808.70402713344,,75.88760672098553,11.940821020622977,,,1700.683084480137,128.0,1692.1902070094734,84.70437799695918
VAF5250,M002,KAJANG,SCANIA K250 MRT,20.587605633802816,717.8537089201878,14.417652582159624,25.43737089201878,1.4343661971830985,1.432112676056338,1.0,,1046.32338028169,1046.315868544601,254538.84606197182,14995.268356807512,,120609.5130516432,,80.67943661971832,11.28093896713615,,,1877.810910798122,22.4764882629108,645.2249389671362,83.79154929577464
VG8845,M001,SUNGAI BULOH,VOLVO B7R MRT,130.0,740.0922755094135,15.263577903463236,255.0,1.6535988223444642,1.6469357712868986,1.0,,2040.0,2040.0,293217.4496335322,15861.658875029054,,118896.35306422871,,77.37367320058883,11.791431006430619,,,1969.0580460215385,128.0,1730.8290849926398,80.98861083133184
VH4307,M001,SUNGAI BULOH,VOLVO B7R MRT,130.0,722.2510693553315,14.87014970974641,255.0,1.635502597005805,1.6300030553009472,1.0,,2040.0,2040.0,296586.9193140849,32771.309456156436,,116911.54521845402,,72.21295447601588,11.180644668499847,,,1457.8503055300946,128.0,1628.711732355637,83.5242896425298
VAF6410,M002,KAJANG,SCANIA K250 MRT,20.004910418049104,748.2848706038487,14.32621101526211,24.723888520238884,1.3672196416721965,1.3605839416058394,1.0,,1091.2451227604513,1092.062110152621,244216.70077173194,14240.431393497014,,120045.75799601858,,81.99867285998673,11.021300597213006,,,1816.46601857996,33.62686131386861,800.9725547445256,77.56184472461845
VK6243,M002,KAJANG,SCANIA K250 MRT,18.877613703484936,746.1797991730656,13.231069108092145,23.119078558771413,1.2893089190785587,1.2889545186060247,1.0,,1063.3695652173913,1063.3478260869565,247803.17493147447,13985.751854914934,,119729.65575900768,,82.60893194706995,9.949675132900177,,,1661.0672415829888,31.453349084465444,845.5275369167158,82.39555765595463
VAG4872,M001,SUNGAI BULOH,VOLVO B7R MRT,130.0,874.0898964620443,15.617351194857452,255.0,1.8232003533048726,1.8175082192453016,1.0,,2040.0,2040.0,314626.8062809755,16359.777246184798,,124429.32754305903,,75.8912115412925,12.356249079935228,,,1666.5092300897984,128.0,1692.4302958928308,86.5627361499583
VH2542,M002,KAJANG,SCANIA K250 MRT,20.316036792641473,744.7323535292942,14.38882223555289,25.158168366326734,1.4796040791841631,1.4772045590881824,1.0,,1066.636272745451,1066.6786642671466,277642.8632093581,16180.716136772646,,130529.92946410718,,80.98510297940412,11.541591681663668,,,1821.592551489702,25.126904619076182,637.9016396720656,67.29614077184563
VAE7038,M001,SUNGAI BULOH,VOLVO B7R MRT,130.0,798.182269926456,15.165225601272112,255.0,1.6701451003776586,1.665424368912741,1.0,,2040.0,2040.0,296154.7484024051,25968.052782746967,,120306.00424865831,,73.36001788908766,11.869558735837806,,,1514.8597545219639,128.0,1629.579407672431,84.82130789107534
VH4985,M001,SUNGAI BULOH,VOLVO B7R MRT,130.0,882.1031877558978,14.751949697796842,255.0,1.7158315461103528,1.709446285825697,1.0,,2040.0,2040.0,244487.24879313706,13762.368643985183,,98162.79935172548,,77.94726067459544,11.907291869760186,,,1566.2344462858257,128.0,1664.5773055176448,82.89890816923376
VH3585,M002,KAJANG,SCANIA K250 MRT,19.92024294733477,926.4464157276433,13.182370334851754,24.984576040917446,1.4898905138655798,1.4871733397266842,1.0,,1065.717254055782,1065.9627587309199,227657.29236314233,13413.380819947253,,109771.44685527052,,78.48605450331655,11.2445456725006,,,1544.2536402141773,21.055805961799727,680.2172700391592,78.551985934628
VAG4913,M001,SUNGAI BULOH,VOLVO B7R MRT,130.0,826.8015577672004,17.353223712678496,255.0,1.9926871484205972,1.988273474686283,1.0,,2040.0,2040.0,321931.9104933143,16287.303656425789,,129397.15951968844,,70.61912591951535,13.356382518390307,,,1508.7836564257896,128.0,1714.982778018174,83.40467330160104
VX2856,M002,KAJANG,SCANIA K250 MRT,19.316369606003754,909.5165924015009,13.758970450281426,23.513543621013135,1.3374765478424016,1.333841463414634,1.0,,1071.6463414634147,1071.5675422138836,264260.6862083724,14643.134322232645,,122706.67964352721,,80.9548545966229,10.991146810506567,,,1560.921669793621,29.229913227016887,740.1543621013134,77.93497889305816
VH4089,M002,KAJANG,SCANIA K250 MRT,20.17970354743796,767.5046910564593,14.39615833009493,25.06006772886249,1.4372952867373563,1.4344639982235052,1.0,,1071.587853217121,1071.369344362405,288889.5725587076,16477.514056514738,,134310.06797868205,,81.15122411591628,10.899072891800367,,,1737.6737800477433,26.867728862488203,642.9426025648143,78.95991783711764
VX3739,M002,KAJANG,SCANIA K250 MRT,20.929544358727096,881.5477338476375,14.049602217936355,25.873191899710704,1.5028326904532305,1.5016875602700097,1.0,,1049.281581485053,1050.7290260366442,250908.67565091612,15603.341815332691,,123659.10893804242,,81.65893201542912,11.341007714561234,,,1666.556430810029,23.72460824493732,674.5485896817743,79.20166345226615
VH4108,M002,KAJANG,SCANIA K250 MRT,17.952806281417473,738.613642972872,11.774915873873125,22.2638029163724,1.4085829421295335,1.405259440820905,1.0,,1100.9746167587552,1100.9772755598024,339645.07055751735,18057.225865148936,,143755.46130198165,,79.56561837896224,10.32719870383449,,,1794.6351003281957,21.540255909600763,679.6547089859166,83.88454987329152
VX2919,M002,KAJANG,SCANIA K250 MRT,18.059916824973044,771.8441751809827,12.187041125429994,22.189300200236175,1.3291061251732814,1.327155106022488,1.0,,1103.8496688401704,1103.8496688401704,295851.14788571134,16545.35361195256,,136470.6435282641,,79.60892334548441,10.474405709298146,,,1932.2922061919185,32.425671304615705,775.4357549930687,72.68028957231607
VH2055,M002,KAJANG,SCANIA K250 MRT,17.378902617244584,752.9785439085957,12.71250166068819,21.34741596917763,1.3411717815862894,1.3416367742792614,1.0,,1132.0690846286702,1132.068021788229,236466.46067224658,13914.319270625749,,109148.87621230238,,80.58051016341172,10.554603427660423,,,1725.6512886940347,29.750850272352864,767.2398166600238,89.07791948983659
VAE7042,M001,SUNGAI BULOH,VOLVO B7R MRT,130.0,711.8817551217938,13.446765607356026,255.0,1.484674947572189,1.480238748185191,1.0,,2040.0,2040.0,264272.3514159542,22257.564038554603,,106294.63129133731,,78.40353282787547,9.861469591869657,,,2035.8660509759638,128.0,1765.2127762542345,85.56218744958865
VH4044,M001,SUNGAI BULOH,VOLVO B7R MRT,130.0,805.0818601964182,13.906585788561525,255.0,1.4943963027151936,1.489428076256499,,,2040.0,2040.0,223836.897621606,24761.490496822647,,89962.83939919122,,80.41467359907568,10.392027729636048,,,655.3614326978625,128.0,1572.2809936452918,84.06031195840555
VX2864,M002,KAJANG,SCANIA K250 MRT,17.014508548464,648.2892173557659,11.159798378857026,21.343709556569717,1.2112253933655746,1.209113820584429,1.0,,1123.0096042503917,1122.9681901777808,185220.0536890512,10614.40414140726,,85432.22615803815,,77.58726158038147,9.367141202915333,,,1831.318792997752,30.42858797084667,785.9423885845675,88.64205044971935
VAF5766,M001,SUNGAI BULOH,VOLVO B7R MRT,130.0,723.8787117956641,14.250832890734392,255.0,1.6701752691806286,1.6630293080971466,1.0,,2040.0,2040.0,297402.1730404133,68279.03948143499,,120582.77654386558,,70.4988653372604,10.961807735020038,,,1526.7452271739655,128.0,1694.0667761093139,85.5600405581575
VK6460,M002,KAJANG,SCANIA K250 MRT,18.433711779900282,813.1415870727459,12.536132636511082,22.691355799843816,1.3025770409082718,1.299933922027993,1.0,,1111.141226647444,1111.1402655133056,249176.10582807712,15215.194203159728,,124239.06778999219,,82.06998257944375,10.02270679401694,,,1628.3008530065479,24.46125428005046,754.0501231453115,81.73520754490299
VH4924,M001,SUNGAI BULOH,VOLVO B7R MRT,130.0,718.6944158782394,13.299310983134513,255.0,1.4512032085561497,1.445187165775401,1.0,,2040.0,2040.0,249305.17366824351,46962.541217605925,,100566.75120835047,,76.56561085972851,10.087052653229124,,,1918.2766659810777,128.0,1736.4142328259975,87.65333196215549
VAF7134,M002,KAJANG,SCANIA K250 MRT,17.433665422933416,785.357079663038,12.103127283917376,21.460937800515445,1.3203061891756742,1.3182674924029696,1.0,,1061.9736123398854,1062.0920875485633,217078.5223048813,13076.335423318074,,103725.59076047236,,80.81186290725853,10.26426126091472,,,1598.5885179059123,27.293637727430085,818.466426895411,85.47851675193291
VAE7196,M002,KAJANG,SCANIA K250 MRT,19.352654774396644,687.0535152151102,13.616495278069255,23.774774396642183,1.4295068205666317,1.4269884575026233,1.0,,1080.4486044071355,1080.3821196222455,231344.70981657924,13510.79827072403,,110160.08400839454,,83.75748163693599,11.054900314795383,,,1843.1038950682055,32.418262329485835,727.8399874081847,81.00658971668416
VG6550,M001,SUNGAI BULOH,VOLVO B7R MRT,130.0,686.8513240006746,13.576825771630967,255.0,1.4263788159892057,1.4241862034069825,1.0,,2040.0,2040.0,291412.9363417102,70750.14378478665,,120792.59179456907,,74.2399224152471,10.05532130207455,,,1915.2906223646482,128.0,1763.5803676842638,85.45505144206443
VAJ1481,M002,KAJANG,SCANIA K250 MRT,22.352337403317605,1019.8881646154595,15.092134066254804,27.5123802111203,1.4743396409982001,1.4709344748747386,1.0,,1060.7917497689352,1060.5504694264728,278594.5954759936,17098.115532422045,,138526.2236950917,,86.56418738142725,11.753611908352386,,,1387.2198472539767,35.576265992119474,575.4467918470593,80.3885780999173
VAG8054,M002,KAJANG,SCANIA K250 MRT,22.40332409972299,706.6150692520775,15.021163434903047,27.409418282548476,1.3845983379501385,1.385152354570637,1.0,,1071.0169529085872,1071.1304155124653,254892.0424498615,15141.045529085874,,119878.38398891967,,89.46548476454294,11.01595567867036,,,1939.1785706371193,29.657429362880887,748.007756232687,74.64742382271469
VG8755,M001,SUNGAI BULOH,VOLVO B7R MRT,130.0,708.1490053557766,14.113618974751338,255.0,1.5013389441469014,1.4971308339709257,1.0,,2040.0,2040.0,291197.4458693573,32571.384927314462,,11587.796432670237,,78.58540550879877,10.04102907421576,,,1679.6410386381024,128.0,1737.2085883703137,84.9278882938026
VAJ6234,M001,SUNGAI BULOH,VOLVO B7R MRT,130.0,883.6959117671448,14.738120905547724,255.0,1.6711170080437847,1.6637366282444648,1.0,,2040.0,2040.0,284077.4614959781,32371.491060618624,,110808.59723028443,,75.26503026784974,11.36346297371258,,,1882.2137739447714,128.0,1721.346297371258,85.69085330458579
VH4930,M001,SUNGAI BULOH,VOLVO B7R MRT,130.0,694.6217393276777,13.765095495168534,255.0,1.496484144626412,1.4939890214580593,,,2040.0,2040.0,268698.1128158599,23978.179544526607,,106362.50555731979,,76.19448350950415,10.448078755160369,,,1914.5547747584267,128.0,1763.6480969015106,84.21421766547203
VG6493,M001,SUNGAI BULOH,VOLVO B7R MRT,130.0,731.4401793894971,15.813859285335392,255.0,1.6588223947533394,1.6534214206490814,,,2040.0,2040.0,314795.40876211604,68485.13771219135,,125147.94092399691,,74.57648533950618,11.719920914307759,,,1932.4459227467812,128.0,1755.2009066358025,83.3960262345679
VAF5438,M002,KAJANG,SCANIA K250 MRT,21.754256756756757,719.3938513513514,14.732635135135135,26.60891891891892,1.4382432432432433,1.4360810810810811,1.0,,1058.6508108108108,1058.827027027027,221806.3491418919,12012.74152027027,,107556.52858108107,,86.82594594594595,11.18668918918919,,,1794.1310675675677,27.675554054054054,729.4166081081081,77.1347972972973
VH1385,M001,SUNGAI BULOH,VOLVO B7R MRT,130.0,735.1144715762902,14.3664741006845,255.0,1.51735521141803,1.5072576338657215,1.0,,2040.0,2040.0,284347.0996237681,15816.412029710178,,121603.93647749891,,77.25389582018545,9.580853439487354,,,1886.7678139715522,128.0,1732.8302830234477,84.90528666440119
VH2524,M002,KAJANG,SCANIA K250 MRT,17.909038792279762,784.0953563921269,12.668832409707624,22.139308236193386,1.339384674183069,1.335180584750621,1.0,,1118.2465125167207,1118.1593732084846,247801.74513952597,14079.756766055047,,114406.22811544343,,78.77618501529052,10.646597859327217,,,1790.8265430919168,30.80424230842729,582.4115230269443,86.33964067278288
VH2549,M002,KAJANG,SCANIA K250 MRT,18.056569693708926,929.9427769878175,12.358402828484685,22.421236693439916,1.348987356366012,1.3428384766150416,1.0,,1034.9609930440797,1035.2549094961762,243441.06410399295,14378.856731101803,,111752.99627224165,,79.23788478536567,10.286153491410783,,,1695.0509511548364,29.00319357442066,725.6672725875255,74.66834479843203
VAF5480,M002,KAJANG,SCANIA K250 MRT,22.46792763157895,752.9432565789474,12.294407894736842,28.326480263157894,1.2039473684210527,1.199013157894737,1.0,,1056.9013157894738,1056.407894736842,233703.95028782895,169.01940789473684,,1192.8359375,,81.14720394736842,9.837993421052632,,,2114.385197368421,19.390707236842104,503.58955592105264,73.01315789473684
VH4057,M001,SUNGAI BULOH,VOLVO B7R MRT,130.0,824.2629694055049,14.070858487670112,255.0,1.5676353218049728,1.563900542310447,1.0,,2040.0,2040.0,329142.9119932467,61366.428619666425,,127825.88637061292,,79.35229714519595,10.900286503632456,,,1623.0024455131486,128.0,1646.1458098843752,85.87189194720148
VAG4722,M002,KAJANG,SCANIA K250 MRT,20.81427040269484,846.5442504976266,14.660924820088807,25.70310825294748,1.5040575715816873,1.4970142397795132,1.0,,1115.6750631651482,1115.6566878493225,320028.04947328125,18838.02755320778,,151104.23478294158,,82.78355409233596,11.503215434083602,,,1623.6014392895422,27.341348951156025,605.6273082223244,66.56936150666054
VAG4680,M002,KAJANG,SCANIA K250 MRT,17.69408377886141,691.6404441572175,12.127078315022619,21.992714881616827,1.3437518359673344,1.3469243875212973,1.0,,1105.7141178544152,1105.7122378238646,304600.9557361927,16906.85116333725,,146931.08578143362,,79.98425381903643,10.270724399271488,,,1887.4181599200988,23.701968156982552,783.1178025851939,83.81239717978849
VG8917,M001,SUNGAI BULOH,VOLVO B7R MRT,130.0,870.5456402400102,15.606647374244616,255.0,1.7224870201719296,1.7163162822367861,1.0,,2040.0,2040.0,287074.65395693254,10606.042944080347,,9978.86300961784,,78.86330751553324,12.212869180355774,,,1586.625162772884,128.0,1638.0526002212955,83.72397650863903
VAF7167,M002,KAJANG,SCANIA K250 MRT,20.352941176470587,754.0354567633505,13.781512605042018,25.14448359989157,1.4393602602331255,1.4358362699918676,1.0,,1058.3473027920845,1057.3002981837897,217446.71420276497,12565.251580374086,,103910.11921930063,,85.94827866630523,11.260937923556519,,,1677.7223312550825,30.298200054215236,674.3986500406614,85.51531580374085
VH4643,M001,SUNGAI BULOH,VOLVO B7R MRT,130.0,738.8984991341158,15.64296709640177,255.0,1.6092938233596306,1.6022705406965556,1.0,,2040.0,2040.0,265208.3404108139,14249.558745430055,,102926.33293246104,,79.37742928612661,10.846834712334038,,,801.3534731575909,128.0,1751.6292091591304,80.89532422551471
VAF7146,M002,KAJANG,SCANIA K250 MRT,17.39833692330812,766.4947653158343,12.678204678655513,21.2814206281621,1.3275058858888944,1.3280569052747584,1.0,,1104.2725041326453,1104.2700996844162,232450.4990477383,13466.198311876971,,108859.95671993187,,79.10724840955768,10.532986024144668,,,1805.148945549266,31.656900265491156,751.8408605920954,86.26769523618695
VAJ2852,M001,SUNGAI BULOH,VOLVO B7R MRT,130.0,714.6200730628725,15.850269179004037,255.0,1.7677369736589117,1.7592289944241493,1.0,,2040.0,2040.0,273602.7295683522,25217.67636992886,,112055.46577581235,,74.56373774274178,11.73428186887137,,,1866.5017304364546,128.0,1760.9037685060566,81.73514708709864
VAG4876,M001,SUNGAI BULOH,VOLVO B7R MRT,130.0,800.0529680023924,15.11397278708134,255.0,1.650306519138756,1.6451480263157894,,,2040.0,2040.0,318982.2277930622,32477.938236393544,,125745.57524671052,,73.88460675837321,11.799080442583731,,,1853.4104515550239,128.0,1743.6998355263158,85.27332535885168
VK6448,M002,KAJANG,SCANIA K250 MRT,19.85226045725553,787.5011501807427,13.567109525374395,24.28120745504906,1.3799821604619502,1.3757570067132998,1.0,,1047.7100605605372,1048.5753720482605,279295.41202760435,16576.740744565985,,136500.48525890804,,81.36885592225717,10.714473498896766,,,1530.5812450119713,33.99931458616967,590.4627059762453,87.16567297309986
VH2675,M002,KAJANG,SCANIA K250 MRT,20.34037297166384,938.7732138532332,13.820295471058367,25.11247275369339,1.3992249939452652,1.3952046500363284,1.0,,1083.0074109953985,1083.041898764834,275866.9001312667,15822.336522160329,,131535.06958101236,,80.36638411237588,11.212012593848389,,,1518.098711552434,25.94018890772584,787.2401598449987,78.54148704286752
VAC5791,M001,SUNGAI BULOH,VOLVO B7R MRT,130.0,845.8400599224533,16.804635178004936,255.0,1.8022999647514981,1.7965280225590412,1.0,,2040.0,2040.0,265474.941023969,23481.707384561156,,200660.5488632358,,82.25180648572436,12.922893902009164,,,1638.7002775819528,128.0,1689.7468276348254,78.61059217483258
VK2852,M002,KAJANG,SCANIA K250 MRT,19.469929169349644,1073.340373470702,13.046104314230522,23.88718609143593,1.343979394719897,1.3357372826786864,1.0,,1082.0677398583387,1084.105602060528,261842.8854500966,15251.96160978751,,124198.95112685126,,79.87031551835157,9.808499678042498,,,1422.3284867997424,23.703915003219574,816.1408242112042,86.8750804893754
VH1562,M001,SUNGAI BULOH,VOLVO B7R MRT,130.0,798.7028003613369,15.737866469573786,255.0,1.804836987763817,1.7988420793298843,1.0,,2040.0,2040.0,331443.24777900963,45273.756750431145,,130726.98172784758,,73.70390900878705,12.290383509895705,,,1527.7160630697217,128.0,1638.545290301388,80.78984971667899
VG6529,M001,SUNGAI BULOH,VOLVO B7R MRT,130.0,793.6313259273696,15.132267913986878,255.0,1.689014487104528,1.6838173195608392,1.0,,2040.0,2040.0,308587.5439608913,15027.678867017476,,7036.446988891054,,77.07159098291432,12.041122588189436,,,1842.089384785292,128.0,1715.9509517313065,83.03878386279477
VH3603,M002,KAJANG,SCANIA K250 MRT,17.41067321764583,671.7173844867239,12.245243570980556,21.54625757892536,1.367342671963203,1.3653564708342045,1.0,,1122.2232908216602,1122.2232908216602,252715.4680289567,14506.56543487351,,115821.06865461008,,79.57934350825842,10.561258624294377,,,1771.417525611541,34.435228935814344,648.8410464143843,84.59910098264687
VH2514,M002,KAJANG,SCANIA K250 MRT,18.80528355773154,817.2736128110976,13.795338637290902,23.11480008159935,1.3271113831089352,1.3241534067727458,1.0,,1097.7433700530396,1097.7727458180334,271816.5934628723,15936.946430028562,,130569.91931864545,,81.61898204814362,10.665238678090576,,,1646.4274785801713,32.378049775601795,845.2461240310078,70.57741738066096
VG8703,M001,SUNGAI BULOH,VOLVO B7R MRT,130.0,624.480159483577,12.63280805012341,255.0,1.3485855325612304,1.342889690525916,1.0,,2040.0,2040.0,257051.44851908105,14036.102430225936,,105134.08382380861,,76.09493070058858,9.314410480349345,,,1746.6239984811086,128.0,1766.9149420922727,89.92215682551738
VH2537,M002,KAJANG,SCANIA K250 MRT,20.14101552223099,1081.3729720249057,13.650223625361747,24.661141804788215,1.3506094887310356,1.347934754012102,1.0,,1026.7515566079103,1029.6297465579235,247982.34196404295,14442.849351047971,,122533.90634043673,,83.62325703762168,10.558274138384636,,,1338.6776155397702,33.62410769095852,720.2374917781189,83.01210260907696
VAJ2895,M001,SUNGAI BULOH,VOLVO B7R MRT,130.0,633.1583363570392,12.865112481857764,255.0,1.4140058055152396,1.4077013788098693,1.0,,2040.0,2040.0,334229.5390806422,55643.90272587082,,130312.99040729318,,79.58762699564586,9.925888969521045,,,1375.331866835994,128.0,1733.555424528302,88.70464441219158
VAK952,M001,SUNGAI BULOH,VOLVO B7R MRT,130.0,764.1959175662414,14.869558390579,255.0,1.6095387634936211,1.6051422963689892,1.0,,2040.0,2040.0,275225.40694092243,41021.92051422964,,114521.62129538764,,72.170441609421,11.017232580961727,,,1694.035061825319,128.0,1675.889813542689,80.99305201177626
VH3593,M002,KAJANG,SCANIA K250 MRT,15.327206906154274,954.754246727931,25.192007797270954,18.75563909774436,1.8685602896129212,1.8700918964076858,1.0,,1093.024784182679,1093.07156780841,233420.35540239487,13332.823489278751,,109331.40037593985,,81.27471456418824,18.32999164578112,,,2047.7217766638819,31.70398217766639,698.4937621832358,85.28195488721805
VAG8053,M002,KAJANG,SCANIA K250 MRT,21.4326564828614,979.6616989567809,14.843610283159464,26.164027570789866,1.5486214605067063,1.5400521609538003,1.0,,1049.1788375558867,1048.8800298062592,239105.21026639346,13916.306417660207,,113322.2810171386,,81.40843889716841,12.281762295081966,,,1760.7070883010433,23.463105439642323,709.0316598360656,81.34491430700447
VH4356,M001,SUNGAI BULOH,VOLVO B7R MRT,130.0,764.5579160606691,14.86770205692915,255.0,1.5899127363390817,1.5853417826719303,1.0,,2040.0,2040.0,287762.548493663,45929.82964886765,,8337.32827758155,,79.84188655724081,11.588666112611676,,,1910.0119104508622,128.0,1741.4906503220445,86.5096613338874
VAF5461,M002,KAJANG,SCANIA K250 MRT,19.08442339789621,951.2710864417963,13.42110779024182,23.70352831580173,1.482824205255599,1.4806117300003883,1.0,,1112.2322710864419,1112.2273027209565,263660.0881081396,15304.084365174864,,125053.49336257424,,80.1941544074836,11.365795908861546,,,1565.5758840197182,26.26501572021892,766.5237394713349,80.46815200093157
VH4557,M001,SUNGAI BULOH,VOLVO B7R MRT,130.0,819.6926098698748,14.443080448481872,255.0,1.6069236435060152,1.6003764628856698,1.0,,2040.0,2040.0,260837.66293641052,13568.887985923562,,101151.48690563875,,80.1327440870775,11.17857435141992,,,1771.3346100335543,128.0,1681.4908748670105,89.94484000327358
VAF5442,M002,KAJANG,SCANIA K250 MRT,18.430366984809787,783.2947976878613,11.885737330286329,23.077833042075547,1.2984944212931846,1.2938567011695121,1.0,,1070.2814894475064,1069.9314423981718,255850.5273679258,14802.952513778733,,119896.53945422772,,82.4194112111843,9.243177846484743,,,1615.9459604785588,28.3252923780078,660.4739884393064,85.1017609893803
VH4335,M001,SUNGAI BULOH,VOLVO B7R MRT,130.0,720.5557575757575,14.248888888888889,255.0,1.4602020202020203,1.4513131313131313,1.0,,2040.0,2040.0,257229.03251717173,13952.405272727272,,104115.41934343435,,82.6979797979798,10.31121212121212,,,2033.8737474747477,128.0,1767.0,86.26949494949496
VH2480,M002,KAJANG,SCANIA K250 MRT,21.065702588483887,1251.6735340729,14.277403592181722,26.28611991547808,1.4047147385103012,1.4004226096143688,1.0,,1052.1975699947175,1044.648705758056,304606.51790346013,17546.370192815637,,145818.69671156895,,80.38483888008452,10.547609614368726,,,1579.0417194928684,21.809753037506606,616.1371962493396,81.42128895932383
VG6480,M001,SUNGAI BULOH,VOLVO B7R MRT,130.0,1516.9122978931896,12.485301322880941,255.0,1.2922586967172955,1.28343949044586,1.0,,2040.0,2040.0,1342613.1716511515,10956537.774938757,,109523023.84737873,,85.11366976972073,9.84247917687408,,,960.8305732484076,128.0,1405.0220480156786,85.00734933855954
VAF5904,M001,SUNGAI BULOH,VOLVO B7R MRT,130.0,778.1131139240506,14.076506329113924,255.0,1.491493670886076,1.4832405063291139,1.0,,2040.0,2040.0,304536.4418359494,38446.96135696203,,123486.88891139241,,76.04288607594937,10.302987341772152,,,1738.8010632911391,128.0,1691.9264810126583,88.05316455696203
VX3537,M002,KAJANG,SCANIA K250 MRT,17.24308178863217,754.1058596152156,11.287753667750154,21.709698673460423,1.2875340419924448,1.2845032065360626,1.0,,1075.0269700430467,1075.0666783800405,197950.04989809362,11920.569300711586,,99724.94067908284,,82.36220679961346,9.727224808925591,,,1674.2676666959503,37.68163050162523,812.1067600808223,89.92567864359133
VG8769,M001,SUNGAI BULOH,VOLVO B7R MRT,130.0,886.4295185075007,14.203688751009308,255.0,1.5780884790276657,1.5720963834941142,1.0,,2040.0,2040.0,292092.3113029621,24941.31982491182,,115979.00533339,,76.72117632059836,10.766690748374485,,,1611.0068207895968,128.0,1654.2262972249373,88.05584123071692
VG6477,M001,SUNGAI BULOH,VOLVO B7R MRT,130.0,740.109948120506,13.613861836716119,255.0,1.4689178119595887,1.4587694548102303,1.0,,2040.0,2040.0,243115.36253253845,13968.450577955766,,101400.41624192227,,80.59688723036315,10.783698916901793,,,1877.0141894966778,128.0,1721.6110858287066,83.37453353963775
VH4046,M002,KAJANG,SCANIA K250 MRT,18.771481062747316,919.5310910118711,11.702515545505936,23.410118711136235,1.3371961560203505,1.332744488411532,1.0,,1068.1876766534765,1067.4098360655737,261942.29743923122,16097.880419728659,,127133.01112916903,,80.65891746749575,9.416195590729226,,,1666.971332673827,27.628377614471454,542.3310203504805,86.03985302430752
VAF5451,M002,KAJANG,SCANIA K250 MRT,18.91048683838098,737.6153410699122,13.180653835267478,23.526677045004245,1.4235776960090574,1.4208887630908575,1.0,,1088.1862439852816,1088.5434474950466,235674.91709453723,10758.920400509482,,84196.87666289273,,80.83979620718935,10.906736484574017,,,1757.7595457118596,27.469056043022928,605.9429521652987,84.5169827342202
VH2531,M002,KAJANG,SCANIA K250 MRT,19.554014231294474,825.3779199309998,13.218141306691583,24.321066628333213,1.437288866527708,1.4371451160784878,1.0,,1045.8891684036512,1046.1415941924818,204960.57107237834,12359.859505498456,,97575.97649680155,,78.73981168691152,10.84216200675627,,,1793.0694889671531,25.744332638539497,731.0558686120895,68.11305972831165
VK6475,M002,KAJANG,SCANIA K250 MRT,21.39213197969543,744.43958484409,13.835070703408267,26.501948875997098,1.4098984771573604,1.4085387962291516,1.0,,1110.0644517971264,1110.0630014050673,263448.32296319795,14633.068568709208,,124485.45397480058,,85.669280275562,10.798042059463379,,,1721.5361675126903,27.442689448875996,673.2236675126903,82.80257432922407
VG8580,M001,SUNGAI BULOH,VOLVO B7R MRT,130.0,724.6283438615765,15.62587201318319,255.0,1.647569349079923,1.6378467453996155,1.0,,2040.0,2040.0,296385.11186981597,28206.43351277122,,121038.12164240594,,80.71798956330679,11.553309530348805,,,2000.1073770942048,128.0,1767.0,84.89414995880253
VH1579,M001,SUNGAI BULOH,VOLVO B7R MRT,130.0,800.0589505847645,13.956590454114425,255.0,1.4714993151406597,1.461015699083342,1.0,,2040.0,2040.0,267652.9685112211,25832.49442103045,,104577.92034559057,,79.51533031292804,10.337741017806342,,,1632.3572595090086,128.0,1671.495416710568,83.28848382678326
VH4270,M001,SUNGAI BULOH,VOLVO B7R MRT,130.0,748.8578975644699,16.78778653295129,255.0,1.819573782234957,1.812589541547278,1.0,,2040.0,2040.0,302877.80859016837,16295.488493911174,,120041.52037070201,,82.22945021489971,13.159518266475645,,,1805.794390222063,128.0,1708.7943230659025,82.878223495702
VAK950,M001,SUNGAI BULOH,VOLVO B7R MRT,130.0,890.4369812663031,14.432712829025373,255.0,1.608311595921271,1.5985297604932416,1.0,,2040.0,2040.0,261530.45622124732,625469.7517073749,,108179.48174057387,,74.69812663030591,11.206544937159117,,,1313.712028693384,128.0,1552.542091534266,81.44308750296419
VH4030,M002,KAJANG,SCANIA K250 MRT,18.240895572639023,902.5786992873576,12.403344369002863,22.599573536838562,1.2492564951461758,1.2481903372425789,1.0,,1055.202738342405,1055.1385444138937,296425.0345715729,16936.915004769653,,139595.00864149036,,81.31855675887998,9.99921440996577,,,1549.0386510296842,36.67390718814881,710.6542562145783,82.25475562538578
VG8591,M001,SUNGAI BULOH,VOLVO B7R MRT,130.0,702.4216407982261,14.87290465631929,255.0,1.5243458980044347,1.5177827050997783,1.0,,2040.0,2040.0,230086.40339955653,202079.5600886918,,1420624.2853658537,,78.44833702882484,11.321419068736143,,,1728.006332594235,128.0,1766.7177827050998,83.8549002217295
VG8904,M001,SUNGAI BULOH,VOLVO B7R MRT,130.0,740.6298452119174,14.477557883844263,255.0,1.5728883714913984,1.5697839865476653,1.0,,2040.0,2040.0,272338.83528694004,24567.429409735698,,110260.08017505282,,78.79373086707196,10.853145345578408,,,1683.7782132539992,128.0,1655.288535333937,80.74531108524124
VH4037,M002,KAJANG,SCANIA K250 MRT,19.600785735871863,791.5518283469326,12.152527738203169,24.35047273669214,1.5418987177826706,1.5396969304494237,1.0,,1083.227215818331,1083.4019772913698,268496.9337119544,14775.303505590813,,125165.72926650262,,81.5537279281613,10.549238008893495,,,1900.0649829469414,20.728817510685143,503.22679272978456,75.83348443638562
VAF5434,M002,KAJANG,SCANIA K250 MRT,20.253682024169184,931.0854890483383,15.293287386706949,24.961338746223564,1.5327133685800605,1.5280400302114803,1.0,,1085.4652567975832,1085.310422960725,331184.0190511707,18732.699754531724,,155046.42083648036,,82.18839690332327,12.260243580060424,,,1632.859450528701,26.42794089879154,657.4503209969788,81.76000755287009
VH3982,M002,KAJANG,SCANIA K250 MRT,19.927737112599285,966.1139230649432,14.061828375642424,24.51977885064632,1.4729014172247314,1.4667497274567824,1.0,,1068.4429216632923,1068.7712194362248,260010.58191481075,14932.08564086591,,125882.273088304,,81.19747702850023,11.237891294190936,,,1486.1168042361003,25.835111353371747,757.8445802834449,80.91325338732285
VK2971,M002,KAJANG,SCANIA K250 MRT,19.317017288064985,683.1599666736097,12.434909393876275,23.83461778796084,1.295563424286607,1.2920224953134765,1.0,,1071.1718392001667,1071.4267860862321,292225.24337637995,16366.37631743387,,133023.56613205583,,79.37408873151426,9.98062903561758,,,1833.5054155384296,31.989273068110812,711.0714434492814,78.13038950218704
VAE7564,M002,KAJANG,SCANIA K250 MRT,16.93798158240932,1056.9895383073358,12.430119651694543,20.71076865250893,1.315416901584915,1.312723172336027,1.0,,1084.958777095602,1084.9728104247588,233778.74794386668,13164.647913795263,,107064.58855406591,,81.30451669485686,10.469523272567812,,,1370.2816889055944,27.570638351187117,869.3710392783312,89.55941865564117
VK2961,M002,KAJANG,SCANIA K250 MRT,13.326530612244898,398.65816326530614,3.25,17.602040816326532,0.10204081632653061,0.10204081632653061,1.0,,957.1020408163265,957.469387755102,198494.99290816326,11799.816836734695,,97141.69642857143,,61.13775510204081,0.7091836734693877,,,1412.030612244898,50.06071428571428,118.97653061224489,98.9438775510204
VX2890,M002,KAJANG,SCANIA K250 MRT,16.453808963805045,1339.470273095518,10.966810401149877,20.728080491310596,1.2687834836012022,1.2706128315693193,1.0,,1078.737227231151,1078.9713837710701,269985.3440324056,15602.131686920162,,124883.12282764929,,82.0233895204495,9.868156278583562,,,1526.2279628903698,25.40686005488044,742.7594276754214,83.79968639749119
VAH9042,M001,SUNGAI BULOH,VOLVO B7R MRT,130.0,688.741084456896,14.455670343781007,255.0,1.5279285589213798,1.5218000350201366,,,2040.0,2040.0,289031.95989727427,27588.22077277768,,114511.9078386739,,70.02515613144224,10.577890620440087,,,1695.726241755676,128.0,1732.0955466059652,87.10943792680791
VAL4552,M001,SUNGAI BULOH,VOLVO B7R MRT,130.0,706.9082040620502,11.487765872381257,255.0,1.2475611706380938,1.245162322085399,1.0,,704.8687030225492,698.7877818647049,208543.36101391332,46088.42013433552,,81936.34141074856,,74.65531030070377,8.789541020310251,,,1774.9871101871101,128.0,1646.2566767951384,84.73708619862467
VH3750,M002,KAJANG,SCANIA K250 MRT,17.18359714732997,891.0355714037224,12.09340754913898,21.479561662897897,1.2981388067489998,1.2979648634545138,1.0,,1065.9662550008698,1066.1137589145937,319686.0395381806,17923.400652287353,,150342.67476952513,,81.29222473473648,10.285353974604279,,,1889.17807444773,32.179422508262306,804.0206731605496,76.71960340928857
VK2913,M002,KAJANG,SCANIA K250 MRT,17.22624190064795,655.55624550036,11.86924046076314,21.930615550755938,1.2860871130309575,1.2844672426205903,1.0,,1087.4326853851692,1087.3491720662348,283684.6293511519,16163.363444924405,,130901.6711213103,,79.82811375089993,10.081803455723541,,,1829.443106551476,28.924982001439886,738.631578473722,86.73740100791936
VAC5746,M001,SUNGAI BULOH,VOLVO B7R MRT,130.0,732.7895909711739,15.067859966932643,255.0,1.4568327223060886,1.4470562863920637,1.0,,2040.0,2040.0,251278.19039968372,12989.054180145207,,101175.66264107541,,83.00632592912083,11.053842283085329,,,1781.6045359787217,128.0,1699.1163108331536,85.63367119545683
VH4683,M001,SUNGAI BULOH,VOLVO B7R MRT,130.0,694.1666932907348,12.967332268370606,255.0,1.3271565495207667,1.3191693290734825,1.0,,2040.0,2040.0,245955.80736102237,30592.628873801918,,99221.14904153354,,79.62635782747604,9.477715654952076,,,2008.0852396166133,128.0,1767.0,87.71102236421726
VAG4703,M002,KAJANG,SCANIA K250 MRT,18.512161303368188,720.3780692125484,12.821480154832747,22.72182101796753,1.402622912935467,1.3995609220636662,1.0,,1068.907042579005,1068.8538910393438,236645.609991334,14331.08915593044,,112281.97717950199,,81.44907273672656,10.698884973135364,,,1762.4291235773296,28.829614651337454,681.1212432838407,81.11144491305102
VH2490,M002,KAJANG,SCANIA K250 MRT,18.36193488862528,876.2207064715961,12.849149861605378,22.639646764201924,1.375181231053117,1.3683274021352314,1.0,,1121.5226044549888,1121.508369579544,260927.30121391854,15178.22854224331,,122131.89771978384,,80.0572031105839,10.639712666403058,,,1771.1183801238963,28.885343350467906,661.4985831026756,87.75609595360486
VX3578,M002,KAJANG,SCANIA K250 MRT,16.59508177151725,652.3404560105049,11.877521785842188,20.490509729019937,1.2636982213202816,1.2585651187776052,1.0,,1098.0427360630297,1097.7848871911185,196454.51975289485,11741.576280291274,,92878.85496000954,,81.59257490748477,10.029485496000955,,,1701.2447534917035,40.19711113763877,700.7163423660021,72.39715888742987
VH4081,M001,SUNGAI BULOH,VOLVO B7R MRT,130.0,600.0,0.0,255.0,0.0,0.0,,,2040.0,2040.0,249939.45,12914.4,,100611.5,,85.0,0.0,,,2537.8,128.0,1767.0,98.0
VAG4709,M002,KAJANG,SCANIA K250 MRT,19.11200338123415,1658.3841927303465,11.83178360101437,23.623837700760777,1.2895181741335588,1.2920540997464074,1.0,,1071.2054099746408,1070.0828402366865,251408.8649408284,13511.3185545224,,112190.30536770921,,80.30177514792899,10.193575655114117,,,919.2465342349957,25.526880811496195,648.3191039729501,79.23119188503804
VK6258,M002,KAJANG,SCANIA K250 MRT,19.879645824223875,832.0571163095759,14.516342369916922,24.50929164844775,1.4514101442938347,1.4514648010494098,1.0,,1092.432881504154,1093.133362483603,252384.5246037385,14688.01001311762,,122023.45876147792,,81.29252295583734,11.358821600349803,,,1589.8603410581547,26.10185832968955,758.8818266287714,79.28569086139046
VAG8049,M002,KAJANG,SCANIA K250 MRT,19.157783731402837,770.4170324345893,13.195234566493758,23.525679758308158,1.300290714244998,1.3005757282106822,1.0,,1082.8784130422391,1082.7379581599498,259284.2270985578,14845.977609302856,,124332.98976799863,,88.33192726443596,10.482642649489826,,,1598.3579205381063,31.270808869634614,864.043339223622,82.48754488969959
VAG4725,M002,KAJANG,SCANIA K250 MRT,19.221002183935937,944.9168891045863,13.5066124727008,23.746602766318855,1.433996602766319,1.434239262314972,1.0,,1092.3453254868652,1092.3555178062245,255347.0975477765,15020.227190002426,,119945.94940241461,,81.99138558602282,11.128245571463237,,,1546.3425018199466,30.19133705411308,663.8334344476127,83.33531517320876
VH2544,M002,KAJANG,SCANIA K250 MRT,18.9860399495062,813.2381376698596,14.101581644018712,23.24400386129056,1.3577634216974828,1.3551644761268284,1.0,,1070.106185490458,1069.8507462686566,283381.3298069355,15979.729442340536,,130851.29345808273,,79.66533006608748,10.911561595010024,,,1595.07257741145,29.557065419172794,723.9044107819113,66.25462241033638
VAG4673,M002,KAJANG,SCANIA K250 MRT,17.771358999118352,698.3177715269322,13.284100927830723,21.59738024266342,1.3327595616944456,1.3304084974180277,1.0,,1096.4735715185357,1096.4359544901129,269972.5904030396,14680.16071623494,,123618.24950669633,,81.71715857088878,10.906629161593687,,,1655.893349846761,36.051165036315545,638.9259162853184,83.6077081321634
VG8597,M001,SUNGAI BULOH,VOLVO B7R MRT,130.0,749.3049751032047,13.676724688258075,255.0,1.5202366259522493,1.5153423841341447,1.0,,2040.0,2040.0,279453.504046474,24353.093518321486,,110557.35566242499,,80.7975486232285,10.547984849129676,,,1686.0844192875686,128.0,1653.9104992126654,78.534451206537
VX2897,M002,KAJANG,SCANIA K250 MRT,19.46439024390244,703.3129268292683,14.344634146341463,23.855853658536585,1.450650406504065,1.4490243902439024,1.0,,1128.3954471544716,1128.3947967479676,172240.2615609756,10702.694910569106,,87433.87113821138,,82.12528455284553,11.16081300813008,,,1831.8889105691057,26.22882926829268,661.4070406504064,77.52479674796749
VAG4892,M001,SUNGAI BULOH,VOLVO B7R MRT,130.0,735.637579023733,15.069333609700488,255.0,1.6579956472173283,1.653228313814903,1.0,,2040.0,2040.0,258796.8801523474,13581.796258679655,,104042.42356720904,,78.01093377552078,11.313607627733443,,,1714.0337392475906,128.0,1685.256814177635,87.05295885583999
VAJ6284,M001,SUNGAI BULOH,VOLVO B7R MRT,130.0,713.0722966805976,15.916126242974492,255.0,1.6460585098717395,1.6415910073497622,1.0,,2040.0,2040.0,269453.9227794591,34663.79550847865,,105472.006244896,,75.54272949992794,11.635730412643513,,,1709.7203151270594,128.0,1701.018062160734,81.3648460392948
VG8673,M001,SUNGAI BULOH,VOLVO B7R MRT,130.0,731.6281343705184,15.345921515796793,255.0,1.7230889574551302,1.7173091130328972,1.0,,2040.0,2040.0,288382.8284837686,19403.09850071705,,4860.34075007605,,76.68341228108297,12.25296597279562,,,1694.9500239016122,128.0,1691.2178957889705,82.07631132936422
VK2684,M002,KAJANG,SCANIA K250 MRT,18.92536164973838,725.2584641428132,12.391197291474299,23.602493074792243,1.4109726069559865,1.4076638965835642,1.0,,1078.8094798399507,1080.151431209603,234032.98186903662,13542.813273314867,,108480.74992305324,,81.3483379501385,10.317713142505387,,,1841.396837488458,30.412242228377963,685.3236611265005,87.25100030778701
VAF5765,M001,SUNGAI BULOH,VOLVO B7R MRT,130.0,780.0649204654038,14.594008206396493,255.0,1.5885560114664719,1.5824293181945928,1.0,,2040.0,2040.0,285649.5307975943,63690.58263166769,,115295.34950255747,,75.02675510089371,10.541734584902478,,,1748.4874992973976,128.0,1703.305210499691,87.59215333595638
VH4992,M001,SUNGAI BULOH,VOLVO B7R MRT,130.0,827.9442978246962,16.683221369161867,255.0,1.7918666026871402,1.7875879718490084,,,2040.0,2040.0,293964.79474168265,16740.60039987204,,122269.6961972169,,73.4578534868842,13.29962412028151,,,1719.1495441458733,128.0,1693.3211772232885,80.32341650671785
VAF5743,M001,SUNGAI BULOH,VOLVO B7R MRT,130.0,731.2772690180433,16.661438027019674,255.0,1.7190135098377006,1.7163840783389246,1.0,,2040.0,2040.0,264911.24458518456,33765.09906609847,,105213.27359688096,,72.35633330310998,12.376371384531689,,,1944.390452443558,128.0,1767.0,81.72508840330039
VH3751,M002,KAJANG,SCANIA K250 MRT,19.1,1125.4537120723048,12.578889606197547,23.91245965138799,1.4309877340219497,1.4269205939315688,1.0,,1125.5819238218205,1125.5819238218205,233433.21336216913,13331.300606843124,,111084.97130406713,,81.29276952872821,10.56010329244674,,,1446.5647320852163,29.957721110393802,694.9538928340866,79.11626856036152
VH2044,M002,KAJANG,SCANIA K250 MRT,19.060440881763526,1014.0008016032065,12.467655310621243,23.732665330661323,1.3518236472945893,1.3475751503006013,1.0,,1059.5116633266532,1058.7113426853707,261004.05555751504,15214.597779559119,,122024.44248496994,,79.96689378757515,10.52809619238477,,,1618.1699799599198,22.606565130260524,635.7809218436873,82.17819639278557
VAF5464,M002,KAJANG,SCANIA K250 MRT,16.9054573405073,748.389239046887,12.465488086087625,20.975710991544965,1.3697668460158852,1.3650525236997182,1.0,,1106.8970535485523,1106.8974634896233,262692.71876966435,14624.64427875993,,117815.04837304637,,80.34952600563669,10.874045605944145,,,1653.4395439405585,30.271862669741225,721.4104176274661,73.28034844991032
VG8765,M001,SUNGAI BULOH,VOLVO B7R MRT,130.0,793.624405377456,18.230403309203723,255.0,1.8009651844191659,1.7961392623233368,1.0,,2040.0,2040.0,287162.7049686315,45418.09380903137,,118426.66856256464,,78.45735953119613,13.747604274388141,,,1564.943129955188,128.0,1663.6550844536366,80.20972078593589
VAJ2870,M001,SUNGAI BULOH,VOLVO B7R MRT,130.0,696.1041614875951,14.20230696564411,255.0,1.5482026549992542,1.5405956346641476,1.0,,2040.0,2040.0,305389.73156117933,15694.151200715956,,118478.79105553622,,74.10421120668225,10.94436434147069,,,1558.824735245861,128.0,1652.4638293640928,84.60995376124895
VAE7164,M002,KAJANG,SCANIA K250 MRT,18.255664448840136,758.2214979320266,13.42065276029491,22.54765329976623,1.4269016363963316,1.422675777737817,1.0,,1116.323682790865,1116.329077504046,203964.45159278906,11936.804630462146,,97461.4621021399,,78.52679374213271,11.254450638374394,,,1807.2244380507102,31.685263441827008,695.5734490199604,81.5247707246898
VAF5339,M002,KAJANG,SCANIA K250 MRT,19.485211033565967,924.7720172814888,13.270255898969758,23.934995014955135,1.3732136922565636,1.3700232635427052,1.0,,1072.3100033233632,1072.1302758391491,272668.1128049186,15857.3523961449,,128331.34187437687,,83.68654037886341,10.776603522765038,,,1694.3909471585246,21.901814556331008,725.8304619474909,88.5417082087072
VH4671,M001,SUNGAI BULOH,VOLVO B7R MRT,130.0,868.9850663243475,15.904022250748824,255.0,1.7527171587505348,1.7482670089858794,1.0,,2040.0,2040.0,297767.4779867351,43284.837222935384,,119645.96850663243,,74.26876337184424,12.433932391955498,,,1743.0988703465982,128.0,1726.2427899015831,80.54959349593496
VG8794,M001,SUNGAI BULOH,VOLVO B7R MRT,130.0,878.1214559861335,15.897486690602946,255.0,1.7809830382567786,1.7724402624736908,1.0,,2040.0,2040.0,268151.4740999133,14832.743710536091,,109802.86783459205,,78.96298130493996,12.32580165903182,,,1687.053144731955,128.0,1667.4837192026744,83.21827411167513
VK6749,M002,KAJANG,SCANIA K250 MRT,17.47839790897909,1489.681119311193,12.290129151291513,21.73900676506765,1.3950645756457565,1.3926045510455105,1.0,,1131.1857318573186,1131.1857318573186,172020.51066036287,10037.561385301353,,79083.34109778597,,79.94019065190652,10.820879458794588,,,1106.2396525215252,31.248523985239853,764.1374154366544,74.5708794587946
VAF5750,M001,SUNGAI BULOH,VOLVO B7R MRT,130.0,797.3050459855829,14.54650758140691,255.0,1.6164056674123788,1.61347253293562,1.0,,2040.0,2040.0,287006.19643151877,26076.014312701966,,114000.8879940343,,71.37936863037534,11.098483718617947,,,1646.7327665920955,128.0,1656.1630126771067,84.67432264479244
VG6519,M001,SUNGAI BULOH,VOLVO B7R MRT,130.0,688.3829079886575,14.666911117629803,255.0,1.5310941625110004,1.5262540334408918,1.0,,2040.0,2040.0,306191.9046802581,37413.18824679769,,125973.9237068544,,78.47144812750562,10.814217268016035,,,1771.441194876308,128.0,1730.9209934487142,84.13933704898797
VAF5761,M001,SUNGAI BULOH,VOLVO B7R MRT,130.0,832.2681270933285,16.351045532723816,255.0,1.8132440139410673,1.803784003983162,1.0,,2040.0,2040.0,269908.08087720093,23768.69885936722,,108152.58878377767,,75.1755759742905,12.63807540850043,,,1731.2994749705804,128.0,1674.4061467433123,81.36423301498212
VG8671,M001,SUNGAI BULOH,VOLVO B7R MRT,130.0,721.7738506740408,14.069607673695126,255.0,1.4520394054614587,1.446854476322157,1.0,,2040.0,2040.0,286896.56214828894,10034.25849464224,,5350.925445039751,,79.24464223988939,10.083434151399931,,,2066.298258727964,128.0,1767.0,79.49835810577255
VX3035,M002,KAJANG,SCANIA K250 MRT,22.751153467967626,1017.9355570683005,15.136222676045685,28.218969820739733,1.582179865365706,1.5779441797140912,1.0,,1075.2977838287572,1074.8766356553967,241513.20068073517,14899.51287345889,,117481.7422282732,,84.78814008017548,12.07737690038575,,,1490.2144845321836,23.880833522426443,637.2975947356479,96.3963391574011
VAG4715,M002,KAJANG,SCANIA K250 MRT,17.307456945537197,991.6629950170469,12.125622869131917,21.323148876650055,1.3387096774193548,1.338884517877437,1.0,,1115.5989159891599,1115.5989159891599,264800.76406678907,15820.176046857243,,123714.45229041,,80.89330361045546,10.330754436576624,,,1539.4543535274063,32.14693592097211,676.7057697351167,86.3867908033919
VAE7147,M002,KAJANG,SCANIA K250 MRT,19.309818056985925,867.8128218331617,12.877274287675936,23.87830415379334,1.3209749399244766,1.3202883625128734,1.0,,1058.1894953656024,1057.6532784071403,270940.59376587707,15273.778381393751,,124889.90319258497,,79.96584277377275,10.064452454514246,,,1606.0013216615173,30.92117233093031,757.7072863027807,86.02952282869893
VAJ3412,M002,KAJANG,SCANIA K250 MRT,17.812645316132905,812.511887797195,13.478361959048977,21.7262431560789,1.3306082652066302,1.3281332033300832,1.0,,1058.0574514362859,1055.0423760594015,267860.8257683942,15289.558553963849,,125635.83132078302,,81.24060601515038,10.933473336833421,,,1590.609082727068,43.106262656566415,729.1456161404035,85.99287482187054
VAF5430,M002,KAJANG,SCANIA K250 MRT,20.10736970684039,728.1615228013029,14.286441368078176,24.64600977198697,1.453542345276873,1.4542752442996743,1.0,,1117.0925081433224,1117.0762214983713,248740.13248167752,13990.840716612378,,120909.35614820846,,85.69625407166124,11.429071661237785,,,1765.6358794788275,31.60531351791531,732.3463599348535,74.27532573289902
VAF7157,M002,KAJANG,SCANIA K250 MRT,18.4674268283826,924.5647468951994,12.82337134141913,22.649502505628586,1.2931948580143802,1.2923233350279613,1.0,,1114.222964630692,1114.4791923886992,240583.562274675,14263.764529014454,,116708.71493935652,,79.40416878495171,10.572082213668386,,,1544.471595613334,32.24585663446874,698.088241702375,83.00740794538456
VAE7463,M001,SUNGAI BULOH,VOLVO B7R MRT,130.0,857.9161827593967,13.495971190636958,255.0,1.4275939680396128,1.418681071348188,1.0,,2040.0,2040.0,284306.2423646185,45125.13110961062,,120633.67139320279,,77.12117938329958,9.935944181859105,,,1657.4587801035336,128.0,1669.8347512941707,87.95417510690974
VAJ9068,M001,SUNGAI BULOH,VOLVO B7R MRT,130.0,740.779018077645,15.855477625209918,255.0,1.64980736935691,1.6458559715499357,1.0,,2040.0,2040.0,251359.93194803913,35321.0021732688,,101950.36515854983,,76.50390200533438,12.081991504494715,,,1945.7373901017486,128.0,1760.0643089993084,81.7923540452435
VH4059,M002,KAJANG,SCANIA K250 MRT,17.981021299836154,677.3132850901147,13.006212452211907,22.06724467504096,1.3644866193336975,1.3610731840524304,1.0,,1085.1660294920807,1085.2807209175314,266315.8350314036,15652.837349808848,,126662.17790824686,,80.46518296013107,10.693610049153468,,,1848.6443132168213,30.782659748771167,725.1304068814854,81.29533042053522
VH4318,M001,SUNGAI BULOH,VOLVO B7R MRT,130.0,736.8480976851633,14.075432558578097,255.0,1.5177973692895197,1.5116684739050492,1.0,,2040.0,2040.0,281822.63840082975,25137.7205129414,,113477.12651454435,,73.20522370468153,10.525623497241996,,,1941.1404035641885,128.0,1714.3397765310451,84.96534816840318
VH4113,M002,KAJANG,SCANIA K250 MRT,21.73007764609726,1284.095831630568,14.995709031467102,27.29873314262362,1.526563138536984,1.5261544748671843,1.0,,1074.4511646914589,1074.5108295872496,273645.7860788721,15672.672548017981,,128803.54163261136,,81.11841029832448,12.28248876174908,,,1458.4667552104618,25.83088475684512,685.9034736411933,63.312627707396814
VH4919,M001,SUNGAI BULOH,VOLVO B7R MRT,130.0,1157.6909050478096,15.48965977318212,255.0,1.6955748276628864,1.6873471203024237,,,2040.0,2040.0,303306.50269957754,16462.903224371803,,118521.3541249722,,76.1589948854792,11.312652879697577,,,1469.9731598843673,128.0,1617.098287747387,82.84545252390483
VH1570,M001,SUNGAI BULOH,VOLVO B7R MRT,130.0,740.9121410162003,13.518317378497791,255.0,1.5158321060382915,1.5034057437407953,,,2040.0,2040.0,277242.70389083214,24945.64322533137,,109841.43188512519,,78.53391936671576,9.917663843888072,,,1875.1821704712813,128.0,1727.301086156112,83.03801546391753
VAF5756,M001,SUNGAI BULOH,VOLVO B7R MRT,130.0,782.3185168738898,13.97886323268206,255.0,1.5104351687388988,1.5034635879218472,1.0,,2040.0,2040.0,309244.799964476,16725.96007992895,,122138.51680728242,,74.37619893428064,10.153197158081705,,,1707.8886234458257,128.0,1724.2569271758437,86.14378330373002
VG8690,M001,SUNGAI BULOH,VOLVO B7R MRT,130.0,761.8240491079112,16.484596408697147,255.0,1.7295049050542137,1.7226206184384143,1.0,,2040.0,2040.0,298851.96778600116,31183.249529546763,,47287.22527251865,,76.40849110728628,12.094027881360795,,,1811.2298778039126,128.0,1726.9256454388985,81.50763052208835
VG8654,M001,SUNGAI BULOH,VOLVO B7R MRT,130.0,812.3366365491111,14.60220538229865,255.0,1.5416302341397066,1.5363839502574566,1.0,,2040.0,2040.0,278119.5123098222,15687.477883027299,,114830.72467816371,,80.11668690794268,11.071942096570485,,,1698.3069464684736,128.0,1677.1896434470027,81.17230993441827
VAC5764,M001,SUNGAI BULOH,VOLVO B7R MRT,130.0,756.6828083741984,15.020888344021124,255.0,1.6141078838174274,1.6073651452282158,1.0,,2040.0,2040.0,303373.45952093555,75766.25491795549,,113280.96331572991,,76.59369105997737,11.362693323274236,,,1719.671887966805,128.0,1672.7201999245567,84.16993587325537
VAC9627,M001,SUNGAI BULOH,VOLVO B7R MRT,130.0,743.9320954468384,13.736776808237872,255.0,1.5664364583764112,1.5643273644596998,1.0,,2040.0,2040.0,319030.10431702575,34722.749373475046,,124890.54588313139,,71.76241677349985,10.458583185145361,,,1972.1683718622057,128.0,1739.331748066664,86.25060998304454
VH4073,M002,KAJANG,SCANIA K250 MRT,14.92800773071348,647.6943147044612,9.309228539217266,18.445804477371556,0.9698824287324851,0.9668223546464809,1.0,,1082.6799806732163,1082.716057336125,262621.3505089386,14802.568416814302,,122928.22813657594,,81.84184248671284,7.004670639394427,,,1679.0490739249476,26.636318247704942,822.2611370591078,80.45095828635851
VK2607,M002,KAJANG,SCANIA K250 MRT,16.96685405563262,623.0697963057604,11.814922975834124,20.792874352047892,1.259691903336497,1.2564065123749726,1.0,,1057.378988099584,1057.933270059137,211553.44085897156,11901.382937869606,,96141.62725414324,,76.53347448346354,9.78790976126159,,,1834.6500328539096,34.92562604949989,778.8133100589133,83.6149538148229
VH4921,M001,SUNGAI BULOH,VOLVO B7R MRT,130.0,800.6867577862424,14.369796101277167,255.0,1.5795653148106654,1.571902307864665,1.0,,2040.0,2040.0,319955.92927089403,112390.32364328926,,218567.29296437374,,74.76733139144073,10.736634550750615,,,1721.5748913287027,128.0,1749.003853909926,84.98050638583912
VH4069,M002,KAJANG,SCANIA K250 MRT,17.77364774846789,748.646282973621,12.258992805755396,22.02711164401812,1.3615107913669064,1.3558486544098054,1.0,,1104.4924060751398,1104.4588329336532,221567.85471489475,13491.770989874767,,108655.870836664,,79.88169464428458,10.614774846789235,,,1709.662663202771,25.510065281108446,773.2838129496403,72.5083932853717
VK2934,M002,KAJANG,SCANIA K250 MRT,20.994177583697233,710.4536632702572,9.607957302280447,26.64434740417273,1.1096555070354197,1.0970402717127608,1.0,,1050.480349344978,1050.1581756428918,229123.00987384765,13616.762396894712,,110033.00315380884,,74.25909752547307,6.882096069868996,,,1857.2683163512859,19.10587093643862,559.1036390101892,82.38330907326541
VAG6349,M002,KAJANG,SCANIA K250 MRT,18.046380258659134,827.8082850205639,12.828353401714484,22.323125712303654,1.389376145879788,1.387542738219117,1.0,,1115.280313165849,1115.279916753382,225501.25962836333,13119.018101184283,,104885.94829294881,,79.63852138149745,10.85724196025965,,,1730.8582379465836,23.700183340766067,745.0306724146475,84.72925028492146
VH4268,M001,SUNGAI BULOH,VOLVO B7R MRT,130.0,731.0699225729601,17.21798689696248,255.0,1.7225134008338296,1.7178082191780821,1.0,,2040.0,2040.0,294769.46181000595,12996.522662298989,,1416.9993448481239,,77.03990470518166,12.887135199523525,,,1887.1360393091127,128.0,1763.3602144133413,80.5791542584872
VAJ1514,M002,KAJANG,SCANIA K250 MRT,20.227385167580152,774.1454624824174,13.639714798467285,24.974923606732307,1.329291361497793,1.3267691710724159,1.0,,1075.1457535043896,1075.1189794829509,231769.2012901974,129.27390017946354,,1092.4536547509338,,85.79206480089246,10.54324101469661,,,1648.615147693651,29.048445457632052,730.530945336373,83.14546248241743
VAF5762,M001,SUNGAI BULOH,VOLVO B7R MRT,130.0,751.213792464198,13.926588497010705,255.0,1.5495666682115214,1.5432636603791074,,,2040.0,2040.0,284315.9428193363,24987.550662773454,,110623.404454023,,79.00495921394142,10.768400074156471,,,1779.345541342232,128.0,1699.4166666666667,85.17018909899889
VH1568,M001,SUNGAI BULOH,VOLVO B7R MRT,130.0,841.2796952882536,14.637919684002632,255.0,1.6277626257876423,1.6217906517445688,,,2040.0,2040.0,247142.59439810028,33246.14119721622,,101815.55334806733,,80.4519890905671,11.829775228063575,,,1811.846261638296,128.0,1697.3060284021442,83.57415592965296
VAG4890,M001,SUNGAI BULOH,VOLVO B7R MRT,130.0,813.3333489089295,15.67398719685996,255.0,1.7331433110602308,1.7230970515396478,1.0,,2040.0,2040.0,237405.71294986215,31924.096532872296,,92379.65041353207,,82.69066866034298,12.039717770197655,,,1892.0965702537267,128.0,1735.2032615298351,84.85893182561563
VG8934,M001,SUNGAI BULOH,VOLVO B7R MRT,130.0,747.6159502262443,15.682692307692308,255.0,1.7446973981900453,1.7413744343891402,1.0,,2040.0,2040.0,249400.4625841346,13898.696733597284,,99710.3129949095,,82.27559389140272,12.125424208144796,,,2032.012330316742,128.0,1766.6715214932126,82.6875
VAJ3415,M002,KAJANG,SCANIA K250 MRT,19.592209285611613,986.3660102534617,13.871496334626995,24.317378180250106,1.4534042451248144,1.4508648363758325,1.0,,1083.0032101959657,1083.2266781658761,230997.89534665324,13660.950131761774,,113659.77360931436,,81.86584255665757,11.479756600067079,,,1546.0928082027694,23.626841071343012,752.5180202194432,82.22227013559484
VAE7537,M002,KAJANG,SCANIA K250 MRT,23.219325153374232,702.0567484662577,10.030674846625766,29.895705521472394,1.0552147239263803,1.062883435582822,1.0,,1037.3128834355828,1037.4478527607362,248875.82516871163,13782.132668711656,,114663.19938650307,,73.16104294478528,10.521472392638037,,,2059.4768404907973,15.61963190184049,195.94233128834355,43.23159509202454
VAE7593,M002,KAJANG,SCANIA K250 MRT,17.208527789563004,928.9310564276623,12.43879932117098,21.44304200254561,1.2570004242681374,1.2523334747560457,1.0,,1094.2944420873991,1094.0280016970726,260836.12671510395,14561.287314382691,,119674.85833244935,,80.782774713619,9.988438693254137,,,1451.826187950785,36.107318625371235,754.4617522274077,81.32361052184982
VG6514,M001,SUNGAI BULOH,VOLVO B7R MRT,130.0,749.8590061169809,15.632930589960063,255.0,1.7724078661341691,1.7664425458773572,1.0,,2040.0,2040.0,312591.1791395784,16780.050937768567,,123654.96122541833,,70.31201658156817,12.526161468075426,,,2041.6021687477883,128.0,1765.9998483393156,77.96906122036297
VH2494,M002,KAJANG,SCANIA K250 MRT,18.240367180417046,826.827289211242,11.731300997280146,22.859700815956483,1.382932910244787,1.3779465095194923,1.0,,1074.7071622846781,1074.9546690843156,246972.53209882136,14988.44842475068,,119558.59202175884,,77.52266545784225,10.381233000906619,,,1625.1941409791477,22.823186763372618,780.6310970081596,79.7065956482321
VAF6417,M002,KAJANG,SCANIA K250 MRT,19.404138702460852,817.9560402684564,13.255928411633109,23.940380313199107,1.395413870246085,1.3979865771812081,1.0,,1111.392393736018,1111.3897091722595,211248.17990380313,12224.616388857814,,100787.57147651007,,84.82134466942611,10.57986577181208,,,1558.1825838926175,31.119082774049215,610.4880313199105,86.02785234899329
VK6274,M002,KAJANG,SCANIA K250 MRT,19.146509891750654,691.3128966032101,13.140350877192983,23.669979469951475,1.4028088839119075,1.4005692422545726,1.0,,1091.0111982082867,1091.0795072788353,246664.31884331838,14552.029455953714,,119193.66491694663,,81.45152108995894,10.864734975737216,,,1802.6364455020528,30.194218924972006,630.1463232549459,85.01469764837626
VG6473,M001,SUNGAI BULOH,VOLVO B7R MRT,130.0,743.2679598979653,16.423444266476835,255.0,1.6509461944592752,1.6433529097704218,1.0,,2040.0,2040.0,267348.3246164798,3179.351420774752,,23227.992495699116,,75.12878922702735,11.704455122501038,,,1783.1751260603905,128.0,1694.521029839236,80.5494453342825
VAH9062,M001,SUNGAI BULOH,VOLVO B7R MRT,130.0,755.4511211232187,12.971867141659681,255.0,1.4736483654652137,1.4662091366303436,,,2040.0,2040.0,194924.35290915758,32368.249046521378,,76403.49028185247,,75.33707041072925,9.727420368818105,,,1736.1980092204528,128.0,1718.0847652975692,87.74193210393965
VAF5441,M002,KAJANG,SCANIA K250 MRT,17.33457778651078,846.43046617871,13.298570516284325,21.34032519526453,1.3555042491526257,1.3502480719162941,1.0,,1126.0908778307216,1126.0908778307216,253220.3494699612,14236.395063123251,,117327.23225426143,,80.93520656285307,10.639681681976716,,,1875.5170948568061,32.01197131207938,761.2576951417203,81.9724910350248
VH2057,M002,KAJANG,SCANIA K250 MRT,17.72087461564742,1088.7015146338686,12.721785673613484,21.78077667691607,1.3931215123562237,1.3893633982462135,1.0,,1095.6437763352694,1095.5599590023915,226352.17975970847,13492.47140416809,,109422.01429222184,,81.39608245074592,11.069012640929278,,,1376.8116159890674,31.566427513950575,667.0867213301447,78.42979159549026
VAF694,M001,SUNGAI BULOH,VOLVO B7R MRT,130.0,753.1743249291362,16.884827689094436,255.0,1.9575563180665374,1.95330449052663,1.0,,2040.0,2040.0,275601.1353013576,45832.52195285693,,106978.6180068626,,80.73601372519768,14.622780844398031,,,1772.1858123228405,128.0,1722.5413993734148,80.92316873041922
VAH9043,M001,SUNGAI BULOH,VOLVO B7R MRT,130.0,754.525653217407,13.396413530770277,255.0,1.4602182674455464,1.4512973780736314,1.0,,2040.0,2040.0,295094.74227097764,25312.16406738215,,114705.62054521577,,66.47615813068876,9.778200425666803,,,1743.12211656025,128.0,1717.9097495811257,87.08852963818322
VAF7159,M002,KAJANG,SCANIA K250 MRT,18.984126132890008,738.0211830321231,13.090416689011636,23.477824851182497,1.411969753847804,1.4081621708585832,1.0,,1086.8892583257361,1087.1985842226632,263882.88420282083,15383.349804258058,,126324.08550973347,,82.09712018018985,10.62245937684346,,,1690.8329919021826,31.449294792728054,682.1308038826621,82.45798251729501
VAG8058,M002,KAJANG,SCANIA K250 MRT,17.89570243779844,833.8047248052275,13.168384016084444,22.13294797687861,1.3155315405880874,1.3151545614476,1.0,,1075.8150289017342,1075.5928625282734,209586.8560907263,12102.745124403116,,98092.97756974114,,80.08381502890174,11.008921839658205,,,1612.536981653682,33.81453882885147,816.5300326715255,79.64563960794169
VAG8051,M002,KAJANG,SCANIA K250 MRT,19.022351797862,739.717126411004,14.546983628616282,23.410704941317185,1.5703072437766314,1.564625850340136,1.0,,1124.31008447335,1124.3112805561784,218887.17176870749,12761.252620168947,,100391.75835389101,,79.36914106301862,12.766689093219705,,,1809.4711295507213,29.01288779247963,709.9486955221648,80.28855498243253
VAH9067,M001,SUNGAI BULOH,VOLVO B7R MRT,130.0,716.7245869776482,14.69849368318756,255.0,1.5729348882410108,1.5704567541302235,1.0,,2040.0,2040.0,265998.08841496595,44326.20423226433,,98227.71260932945,,71.81856171039844,10.744655004859087,,,1933.5038483965016,128.0,1753.7061224489796,85.34936831875608
VH4096,M002,KAJANG,SCANIA K250 MRT,13.681818181818182,519.2727272727273,1.9696969696969697,18.151515151515152,0.13636363636363635,0.15151515151515152,1.0,,990.3030303030303,938.060606060606,230445.0509090909,13232.378787878788,,108724.62878787878,,60.71212121212121,0.9545454545454546,,,1923.7575757575758,26.672727272727276,107.97272727272727,91.5909090909091
VH4206,M001,SUNGAI BULOH,VOLVO B7R MRT,130.0,711.3957673354453,13.781722984864484,255.0,1.4667810630059839,1.4604012671594508,1.0,,2040.0,2040.0,299472.9346660507,25527.634534494897,,119570.77184530094,,74.32242168250616,10.26165962689194,,,1860.6829373460048,128.0,1713.767687434002,87.04206265399507
VH2491,M002,KAJANG,SCANIA K250 MRT,18.829539279029046,737.9672121248717,13.124147092566874,23.14642835577562,1.374131996860093,1.3667652919509692,1.0,,1107.3403779964979,1107.3229877422862,213662.2226388889,12759.260434782609,,105236.86184409155,,82.71777066602259,10.480345389771148,,,1871.158221121913,25.150232473884426,690.6982488980134,83.68236714975845
VK2745,M002,KAJANG,SCANIA K250 MRT,16.84221525600836,907.1895058964025,11.617405582922824,20.803328855052992,1.2097327959396924,1.2054784296163608,1.0,,1059.835199283475,1059.970144797731,258529.45118151963,15279.026653231826,,125058.27556351695,,78.67166741304672,9.673608001194209,,,1628.4611210628452,33.03780414987312,726.6724585759068,65.69114793252724
VH2547,M002,KAJANG,SCANIA K250 MRT,17.898851698021012,951.5665770828243,13.53683117517713,22.067493281211824,1.44398973857806,1.437393110188126,1.0,,1075.297825555827,1074.9865624236502,245324.32531089665,14176.06155020767,,113361.92065721964,,79.83526752992914,11.290557048619595,,,1571.4034143659906,25.826661373075982,713.1558758856585,78.94563889567554
VM2846,M002,KAJANG,SCANIA K250 MRT,20.002514200577334,974.4588881646335,13.614116770649035,24.83583201415402,1.4927833131576498,1.4883136232423875,1.0,,1095.2029052984449,1095.209609833318,252592.05251513177,14606.717934630786,,119623.17510941428,,80.31483378340627,11.430859484123289,,,1690.1323866281775,21.003240525188563,651.0767669242947,73.8696340441382
VAF691,M001,SUNGAI BULOH,VOLVO B7R MRT,130.0,746.8780487804878,16.038849358852403,255.0,1.8382101137704046,1.831627411437921,1.0,,2040.0,2040.0,242915.08199497734,29725.74093451543,,101502.50409040751,,79.15300026635212,12.478482553936304,,,1804.6126859708534,128.0,1714.3389901449716,82.20897226132948
VX3097,M002,KAJANG,SCANIA K250 MRT,17.86003210272873,746.9399678972712,11.319422150882826,22.182343499197433,1.2202247191011235,1.2186195826645265,1.0,,1114.8044943820225,1114.8378812199037,222497.49590369183,13202.379807383628,,108820.82038523274,,78.7685393258427,10.112359550561798,,,1801.4140609951846,31.671300160513645,649.326099518459,78.09309791332264
VG8761,M001,SUNGAI BULOH,VOLVO B7R MRT,130.0,333.3809523809524,13.857142857142858,255.0,0.5238095238095238,0.5238095238095238,1.0,,2040.0,2040.0,293791.4852380953,15559.328571428572,,117713.07142857143,,46.476190476190474,1.4761904761904763,,,572.0428571428571,128.0,1703.0,98.0
VM1879,M002,KAJANG,SCANIA K250 MRT,18.527395895596733,1320.727236501295,11.429966128710898,23.374178123132097,1.278143056385734,1.27356047021319,1.0,,1043.7967722653916,1043.9274755927477,237671.88024706117,42.628531579996015,,282.8552500498107,,79.06176529189081,10.385335724247858,,,1523.8589758916119,27.379976090854754,644.1011954572624,81.18529587567244
VAJ8974,M001,SUNGAI BULOH,VOLVO B7R MRT,130.0,737.4136059253246,16.150923295454547,255.0,1.7302150974025974,1.7184456168831168,1.0,,2040.0,2040.0,305672.35745687905,15633.413565340908,,120621.26407771916,,75.9200487012987,11.85455560064935,,,1923.6090351055193,128.0,1745.893465909091,79.24259334415585
VM1897,M002,KAJANG,SCANIA K250 MRT,23.625,635.125,3.1875,31.125,0.71875,0.71875,1.0,,1032.0,1031.75,246993.7865625,14484.36875,,120028.671875,,61.0,0.59375,,,2407.959375,0.04375,134.56875,98.6875
VAH9045,M001,SUNGAI BULOH,VOLVO B7R MRT,130.0,767.3786470251716,15.287542906178489,255.0,1.6561784897025171,1.647811784897025,1.0,,2040.0,2040.0,276769.3643735698,60641.28531178489,,108784.89244851259,,77.29111842105263,11.880220251716247,,,1879.2037971967961,128.0,1728.1245709382151,81.11556064073227
VH2687,M002,KAJANG,SCANIA K250 MRT,17.66444943099856,753.3240102580542,12.314072768071807,22.063231287065236,1.380990543356307,1.380189132873858,1.0,,1119.2216701394455,1119.2325693220068,223759.66492627023,12940.861388042957,,102575.7217502805,,80.70043276166052,10.632953999038307,,,1811.2567238339477,27.00472832184645,646.8127183843565,76.60450392691136
VAF5752,M001,SUNGAI BULOH,VOLVO B7R MRT,130.0,754.6477383664172,15.45292331055429,255.0,1.6901507755721878,1.682178110424124,1.0,,2040.0,2040.0,296715.21939527063,38095.39133853997,,116965.84138735221,,73.19790649745092,11.536175290161623,,,1833.599490183317,128.0,1728.9296019091007,81.17257837075604
VH4925,M001,SUNGAI BULOH,VOLVO B7R MRT,130.0,713.3195794309948,13.769305531012547,255.0,1.559727867114331,1.5533663191376568,1.0,,2040.0,2040.0,294449.9246116805,34623.7180950698,,114544.46852359074,,81.95675030924191,10.789980561936739,,,1692.7396271426048,128.0,1733.6190139600635,85.69349708429051
VG8748,M001,SUNGAI BULOH,VOLVO B7R MRT,130.0,837.2832672637401,15.376694562717173,255.0,1.7046444477071405,1.6979396074976754,1.0,,2040.0,2040.0,314422.9086007928,452077.0153379337,,4520258.982993198,,72.37018548426565,11.934028287574023,,,1841.7080849606027,128.0,1740.0854010669016,81.9255126511036
VH2540,M002,KAJANG,SCANIA K250 MRT,18.87926267281106,982.1566820276498,11.43778801843318,23.430926779313875,1.3357910906298003,1.332821300563236,1.0,,1064.6824372759856,1064.5800307219663,237961.12722580647,14000.334214029697,,113027.66221198157,,80.78812083973374,9.815873015873017,,,1630.2068919610856,28.50398361495136,757.3188325652842,87.0305171530978
VAG4750,M002,KAJANG,SCANIA K250 MRT,20.520284697508895,843.5893238434164,7.174377224199288,26.47544483985765,0.6391459074733096,0.6313167259786477,1.0,,1002.7786476868328,1006.2064056939502,267436.6348469751,15084.663416370107,,124428.51352313167,,73.10604982206405,5.812811387900356,,,1669.6112455516013,15.489537366548042,348.55516014234877,35.88185053380783
VG8849,M001,SUNGAI BULOH,VOLVO B7R MRT,130.0,727.1093340763443,17.20941766508777,255.0,1.7806074115352466,1.7756478127612147,1.0,,2040.0,2040.0,297877.6322039565,38821.09129562552,,114733.17079966565,,79.04430203399275,13.44474784062413,,,1803.5105767623295,128.0,1746.346558930064,80.18166620228476
VAJ6442,M001,SUNGAI BULOH,VOLVO B7R MRT,130.0,812.1485092464461,16.26185683733803,255.0,1.8100389986161782,1.805824632029186,1.0,,2040.0,2040.0,291772.7099106806,41943.636551767515,,112137.03305447227,,73.5928418669015,13.460057868914328,,,1658.5420241539816,128.0,1673.3811800226445,79.10894452132344
VH3697,M002,KAJANG,SCANIA K250 MRT,18.73589296102385,692.375993794842,13.602288152026372,23.01880938530153,1.3814233081248788,1.3757998836532868,1.0,,1115.1956563893737,1115.1987589683924,239578.23248206323,13527.2274384332,,113893.92214465774,,80.66123715338375,11.182664339732403,,,1846.664300950165,27.125344192359897,800.8820244328098,80.29649020748498
VH3745,M002,KAJANG,SCANIA K250 MRT,19.54325631380978,705.2748522299839,12.591348737238045,24.361096184846858,1.4040838259000537,1.4051585169263836,1.0,,1094.7060720042987,1094.7662547017733,264611.0689414294,14833.951316496506,,123582.69922084901,,77.20096722192369,10.538688876947878,,,1860.3042718968297,24.816389038151534,444.87794196668455,91.74825362708222
VAJ2875,M001,SUNGAI BULOH,VOLVO B7R MRT,130.0,764.7051356287025,12.90232060932698,255.0,1.3662643089394682,1.3646608168901162,1.0,,2040.0,2040.0,304101.52416169265,44785.37900222717,,120469.120155902,,72.4928285077951,9.367645093759743,,,1902.2100084628746,128.0,1725.143429844098,88.85336302895323
VAG4730,M002,KAJANG,SCANIA K250 MRT,24.17713004484305,830.780269058296,17.293721973094172,30.670403587443946,1.5336322869955157,1.531390134529148,1.0,,1097.0762331838564,1097.0762331838564,255917.4694394619,13381.013452914798,,116572.98206278027,,75.48878923766816,15.311659192825113,,,2051.8040358744393,12.286098654708521,335.70156950672646,31.16591928251121
VAK1014,M001,SUNGAI BULOH,VOLVO B7R MRT,130.0,677.5267256369547,11.915627126332502,255.0,1.3097452181144629,1.3073259242458608,1.0,,2040.0,2040.0,331046.3125856203,17259.214757692596,,130735.06981930899,,82.01867392454827,8.573448249792092,,,2008.169305209042,128.0,1762.8236939593255,86.58123535193165
VG8630,M001,SUNGAI BULOH,VOLVO B7R MRT,130.0,674.6005758946935,9.890991361579596,255.0,1.113944878650761,1.1085972850678734,,,2040.0,2040.0,245464.3553763883,13897.763389551623,,104603.79535170711,,75.91690662278897,7.523652817770465,,,1872.511229946524,128.0,1704.7013574660634,84.07815713698066
VG6524,M001,SUNGAI BULOH,VOLVO B7R MRT,130.0,727.1983854999619,14.409565151168989,255.0,1.5432183382834515,1.5375066636204402,1.0,,2040.0,2040.0,284841.4326311781,99.62678394638641,,164133.86657527988,,77.55022465920341,10.83405681212398,,,1374.4100297007083,128.0,1564.9276521209351,83.27317036021628
VAK1045,M001,SUNGAI BULOH,VOLVO B7R MRT,130.0,706.1698856917619,11.987879385100513,255.0,1.372093023255814,1.3620417816318486,,,2040.0,2040.0,248843.1218525818,34525.91554986204,,100178.7729601892,,76.6338194718171,9.565530153724872,,,1807.2271284982262,128.0,1712.2818289318093,87.09795033504139
VAC5778,M001,SUNGAI BULOH,VOLVO B7R MRT,130.0,599.9285714285714,0.0,255.0,0.0,0.0,,,2040.0,2040.0,245316.98,13881.42857142857,,104523.28571428571,,46.5,0.0,,,2505.5714285714284,128.0,1767.0,98.0
VAF5738,M001,SUNGAI BULOH,VOLVO B7R MRT,130.0,660.3579654510556,7.423224568138195,255.0,0.6986564299424184,0.6986564299424184,1.0,,2040.0,2040.0,280977.87384836853,14717.106813819579,,110849.3047024952,,72.46545105566219,5.841650671785029,,,2289.900671785029,128.0,1767.0,89.8426103646833
VAE7340,M002,KAJANG,SCANIA K250 MRT,19.10530679933665,1181.9308457711443,14.102653399668325,23.43051409618574,1.475787728026534,1.4746268656716417,1.0,,1100.0835820895522,1100.0199004975125,228873.54927116117,13158.569900497512,,108415.15621890547,,80.85505804311775,12.371641791044777,,,1270.8772305140963,27.279087893864013,841.3787477223786,67.07371210866324
VH1552,M001,SUNGAI BULOH,VOLVO B7R MRT,130.0,670.3106719367589,12.821640316205533,255.0,1.4730237154150199,1.4711462450592885,1.0,,2040.0,2040.0,316813.7989337945,79245.2070256917,,124143.0246541502,,74.80839920948617,10.691304347826087,,,1911.2899407114624,128.0,1766.1747035573123,77.56166007905138
VH2476,M002,KAJANG,SCANIA K250 MRT,20.475,746.8871212121212,13.550757575757576,25.722727272727273,1.3924242424242423,1.4,1.0,,1101.3575757575757,1101.460606060606,220572.8186969697,13363.498333333333,,109482.02462121213,,78.27878787878788,11.913636363636364,,,1909.5303787878788,29.915151515151514,690.5665909090909,81.6719696969697
VAJ1480,M002,KAJANG,SCANIA K250 MRT,18.211216876768717,1192.1970671468998,10.308800823468863,22.97169325784869,1.1078229541945446,1.1060216160576428,1.0,,1029.3319608852291,1009.7210499227998,213348.00524704065,4430.397040658775,,36575.253602676275,,77.82861554297479,7.90555841482244,,,1432.5637159032424,27.08489449305198,771.9742151312403,63.621976325270204
VH2534,M002,KAJANG,SCANIA K250 MRT,21.11611030478955,940.3584905660377,5.834542815674891,27.314949201741655,0.7692307692307693,0.7648766328011611,1.0,,1055.8142235123366,1055.8722786647315,188070.21224963714,11004.312772133528,,88644.16981132075,,68.75907111756169,4.4252539912917275,,,1815.5166908563135,9.067343976777938,226.59114658925978,94.355587808418
VK6295,M002,KAJANG,SCANIA K250 MRT,18.066666666666666,689.496174863388,5.306010928961749,23.539890710382515,0.5967213114754099,0.6065573770491803,1.0,,1019.2874316939891,1019.0338797814208,251618.30665573772,13790.055956284152,,114192.72404371585,,70.43934426229508,5.804371584699454,,,1503.7948633879782,18.32524590163934,407.82065573770495,22.040437158469945
VH3743,M002,KAJANG,SCANIA K250 MRT,20.007246376811594,929.4927536231884,0.0,26.5,0.050724637681159424,0.057971014492753624,1.0,,1032.6376811594203,1032.6376811594203,219685.38239130433,12621.021014492753,,103663.76811594203,,66.45652173913044,0.43478260869565216,,,2359.876811594203,7.336956521739131,55.471739130434784,97.2536231884058
VAF5489,M002,KAJANG,SCANIA K250 MRT,20.893574297188756,2007.4839357429719,13.421686746987952,26.3855421686747,1.0240963855421688,1.0240963855421688,1.0,,1067.6144578313254,1067.6465863453816,249256.9433935743,14440.758634538151,,117654.88654618475,,73.81124497991968,9.97991967871486,,,356.54417670682733,18.483534136546183,890.6222891566266,64.70481927710843
VAK1034,M001,SUNGAI BULOH,VOLVO B7R MRT,130.0,602.5294117647059,0.35813148788927335,255.0,0.02768166089965398,0.02768166089965398,1.0,,2040.0,2040.0,315655.7542906574,16536.401211072665,,127524.46626297578,,60.839100346020764,0.20242214532871972,,,2485.1918685121104,128.0,1767.0,60.84083044982699
VH4604,M001,SUNGAI BULOH,VOLVO B7R MRT,130.0,815.4839830600499,14.400043435769357,255.0,1.4950591812357477,1.4885438158323379,1.0,,2040.0,2040.0,267589.79760560323,223047.3129221414,,1733737.2050168314,,80.62601802584429,10.74492344445651,,,1876.1354978825063,128.0,1719.9547182104463,84.10098816375285
VH4215,M001,SUNGAI BULOH,VOLVO B7R MRT,130.0,719.2378151260505,17.885714285714286,255.0,1.8355742296918767,1.838375350140056,1.0,,2040.0,2040.0,338255.12919607846,377348.1130812325,,3728625.2963585434,,83.19187675070027,15.104761904761904,,,1805.1934453781512,128.0,1766.224649859944,74.43417366946778
VAJ8965,M001,SUNGAI BULOH,VOLVO B7R MRT,130.0,614.2608695652174,0.9202898550724637,255.0,0.06521739130434782,0.057971014492753624,1.0,,2040.0,2040.0,263921.29130434786,13779.489855072465,,103226.77173913043,,68.42028985507247,0.17391304347826086,,,334.1695652173913,128.0,1767.0,32.391304347826086
